Copyright 1986-2022 Xilinx, Inc. All Rights Reserved. Copyright 2022-2026 Advanced Micro Devices, Inc. All Rights Reserved.
------------------------------------------------------------------------------------------------------------------------------------------------------------------------------------------------------------------------------------
| Tool Version : Vivado v.2026.1 (win64) Build 6511674 Tue Jun 16 11:02:23 MDT 2026
| Date         : Mon Sep 28 12:29:46 2026
| Host         : Aspire-A3 running 64-bit major release  (build 9200)
| Command      : report_timing_summary -max_paths 10 -routable_nets -report_unconstrained -file js05_top_timing_summary_routed.rpt -pb js05_top_timing_summary_routed.pb -rpx js05_top_timing_summary_routed.rpx -warn_on_violation
| Design       : js05_top
| Device       : 7a35t-cpg236
| Speed File   : -1  PRODUCTION 1.23 2018-06-13
| Design State : Routed
------------------------------------------------------------------------------------------------------------------------------------------------------------------------------------------------------------------------------------

Timing Summary Report

------------------------------------------------------------------------------------------------
| Timer Settings
| --------------
------------------------------------------------------------------------------------------------

  Enable Multi Corner Analysis               :  Yes
  Enable Pessimism Removal                   :  Yes
  Pessimism Removal Resolution               :  Nearest Common Node
  Enable Input Delay Default Clock           :  No
  Enable Preset / Clear Arcs                 :  No
  Disable Flight Delays                      :  No
  Ignore I/O Paths                           :  No
  Timing Early Launch at Borrowing Latches   :  No
  Borrow Time for Max Delay Exceptions       :  Yes
  Merge Timing Exceptions                    :  Yes
  Inter-SLR Compensation                     :  Conservative

  Corner  Analyze    Analyze    
  Name    Max Paths  Min Paths  
  ------  ---------  ---------  
  Slow    Yes        Yes        
  Fast    Yes        Yes        


------------------------------------------------------------------------------------------------
| Report Methodology
| ------------------
------------------------------------------------------------------------------------------------

Rule       Severity  Description                    Violations  
---------  --------  -----------------------------  ----------  
TIMING-18  Warning   Missing input or output delay  15          

Note: This report is based on the most recent report_methodology run and may not be up-to-date. Run report_methodology on the current design for the latest report.



check_timing report

Table of Contents
-----------------
1. checking no_clock (0)
2. checking constant_clock (0)
3. checking pulse_width_clock (0)
4. checking unconstrained_internal_endpoints (0)
5. checking no_input_delay (4)
6. checking no_output_delay (11)
7. checking multiple_clock (0)
8. checking generated_clocks (0)
9. checking loops (0)
10. checking partial_input_delay (0)
11. checking partial_output_delay (0)
12. checking latch_loops (0)

1. checking no_clock (0)
------------------------
 There are 0 register/latch pins with no clock.


2. checking constant_clock (0)
------------------------------
 There are 0 register/latch pins with constant_clock.


3. checking pulse_width_clock (0)
---------------------------------
 There are 0 register/latch pins which need pulse_width check


4. checking unconstrained_internal_endpoints (0)
------------------------------------------------
 There are 0 pins that are not constrained for maximum delay.

 There are 0 pins that are not constrained for maximum delay due to constant clock.


5. checking no_input_delay (4)
------------------------------
 There are 4 input ports with no input delay specified. (HIGH)

 There are 0 input ports with no input delay but user has a false path constraint.


6. checking no_output_delay (11)
--------------------------------
 There are 11 ports with no output delay specified. (HIGH)

 There are 0 ports with no output delay but user has a false path constraint

 There are 0 ports with no output delay but with a timing clock defined on it or propagating through it


7. checking multiple_clock (0)
------------------------------
 There are 0 register/latch pins with multiple clocks.


8. checking generated_clocks (0)
--------------------------------
 There are 0 generated clocks that are not connected to a clock source.


9. checking loops (0)
---------------------
 There are 0 combinational loops in the design.


10. checking partial_input_delay (0)
------------------------------------
 There are 0 input ports with partial input delay specified.


11. checking partial_output_delay (0)
-------------------------------------
 There are 0 ports with partial output delay specified.


12. checking latch_loops (0)
----------------------------
 There are 0 combinational latch loops in the design through latch input



------------------------------------------------------------------------------------------------
| Design Timing Summary
| ---------------------
------------------------------------------------------------------------------------------------

    WNS(ns)      TNS(ns)  TNS Failing Endpoints  TNS Total Endpoints      WHS(ns)      THS(ns)  THS Failing Endpoints  THS Total Endpoints     WPWS(ns)     TPWS(ns)  TPWS Failing Endpoints  TPWS Total Endpoints  
    -------      -------  ---------------------  -------------------      -------      -------  ---------------------  -------------------     --------     --------  ----------------------  --------------------  
      5.914        0.000                      0                  274        0.200        0.000                      0                  274        4.500        0.000                       0                   110  


All user specified timing constraints are met.


------------------------------------------------------------------------------------------------
| Clock Summary
| -------------
------------------------------------------------------------------------------------------------

Clock        Waveform(ns)       Period(ns)      Frequency(MHz)
-----        ------------       ----------      --------------
sys_clk_pin  {0.000 5.000}      10.000          100.000         


------------------------------------------------------------------------------------------------
| Intra Clock Table
| -----------------
------------------------------------------------------------------------------------------------

Clock             WNS(ns)      TNS(ns)  TNS Failing Endpoints  TNS Total Endpoints      WHS(ns)      THS(ns)  THS Failing Endpoints  THS Total Endpoints     WPWS(ns)     TPWS(ns)  TPWS Failing Endpoints  TPWS Total Endpoints  
-----             -------      -------  ---------------------  -------------------      -------      -------  ---------------------  -------------------     --------     --------  ----------------------  --------------------  
sys_clk_pin         5.914        0.000                      0                  274        0.200        0.000                      0                  274        4.500        0.000                       0                   110  


------------------------------------------------------------------------------------------------
| Inter Clock Table
| -----------------
------------------------------------------------------------------------------------------------

From Clock    To Clock          WNS(ns)      TNS(ns)  TNS Failing Endpoints  TNS Total Endpoints      WHS(ns)      THS(ns)  THS Failing Endpoints  THS Total Endpoints  
----------    --------          -------      -------  ---------------------  -------------------      -------      -------  ---------------------  -------------------  


------------------------------------------------------------------------------------------------
| Other Path Groups Table
| -----------------------
------------------------------------------------------------------------------------------------

Path Group    From Clock    To Clock          WNS(ns)      TNS(ns)  TNS Failing Endpoints  TNS Total Endpoints      WHS(ns)      THS(ns)  THS Failing Endpoints  THS Total Endpoints  
----------    ----------    --------          -------      -------  ---------------------  -------------------      -------      -------  ---------------------  -------------------  


------------------------------------------------------------------------------------------------
| User Ignored Path Table
| -----------------------
------------------------------------------------------------------------------------------------

Path Group    From Clock    To Clock    
----------    ----------    --------    


------------------------------------------------------------------------------------------------
| Unconstrained Path Table
| ------------------------
------------------------------------------------------------------------------------------------

Path Group    From Clock    To Clock    
----------    ----------    --------    
(none)        sys_clk_pin                 
(none)                      sys_clk_pin   


------------------------------------------------------------------------------------------------
| Timing Details
| --------------
------------------------------------------------------------------------------------------------


---------------------------------------------------------------------------------------------------
From Clock:  sys_clk_pin
  To Clock:  sys_clk_pin

Setup :            0  Failing Endpoints,  Worst Slack        5.914ns,  Total Violation        0.000ns
Hold  :            0  Failing Endpoints,  Worst Slack        0.200ns,  Total Violation        0.000ns
PW    :            0  Failing Endpoints,  Worst Slack        4.500ns,  Total Violation        0.000ns
---------------------------------------------------------------------------------------------------


Max Delay Paths
--------------------------------------------------------------------------------------
Slack (MET) :             5.914ns  (required time - arrival time)
  Source:                 DRV/cnt_reg[11]/C
                            (rising edge-triggered cell FDRE clocked by sys_clk_pin  {rise@0.000ns fall@5.000ns period=10.000ns})
  Destination:            DRV/cnt_reg[5]/R
                            (rising edge-triggered cell FDRE clocked by sys_clk_pin  {rise@0.000ns fall@5.000ns period=10.000ns})
  Path Group:             sys_clk_pin
  Path Type:              Setup (Max at Slow Process Corner)
  Requirement:            10.000ns  (sys_clk_pin rise@10.000ns - sys_clk_pin rise@0.000ns)
  Data Path Delay:        3.598ns  (logic 1.078ns (29.958%)  route 2.520ns (70.041%))
  Logic Levels:           3  (LUT4=1 LUT5=1 LUT6=1)
  Clock Path Skew:        -0.023ns (DCD - SCD + CPR)
    Destination Clock Delay (DCD):    4.849ns = ( 14.849 - 10.000 ) 
    Source Clock Delay      (SCD):    5.146ns
    Clock Pessimism Removal (CPR):    0.274ns
  Clock Uncertainty:      0.035ns  ((TSJ^2 + TIJ^2)^1/2 + DJ) / 2 + PE
    Total System Jitter     (TSJ):    0.071ns
    Total Input Jitter      (TIJ):    0.000ns
    Discrete Jitter          (DJ):    0.000ns
    Phase Error              (PE):    0.000ns

    Location             Delay type                Incr(ns)  Path(ns)    Netlist Resource(s)
  -------------------------------------------------------------------    -------------------
                         (clock sys_clk_pin rise edge)
                                                      0.000     0.000 r  <hidden>
    W5                                                0.000     0.000 r  clk
                         net (fo=0)                   0.000     0.000    clk
    W5                   IBUF (Prop_ibuf_I_O)         1.458     1.458 r  clk_IBUF_inst/O
                         net (fo=1, routed)           1.967     3.425    clk_IBUF
    BUFGCTRL_X0Y0        BUFG (Prop_bufg_I_O)         0.096     3.521 r  clk_IBUF_BUFG_inst/O
                         net (fo=109, routed)         1.625     5.146    DRV/clk_IBUF_BUFG
    SLICE_X61Y19         FDRE                                         r  DRV/cnt_reg[11]/C
  -------------------------------------------------------------------    -------------------
    SLICE_X61Y19         FDRE (Prop_fdre_C_Q)         0.456     5.602 f  DRV/cnt_reg[11]/Q
                         net (fo=2, routed)           0.672     6.274    DRV/cnt[11]
    SLICE_X60Y20         LUT4 (Prop_lut4_I1_O)        0.124     6.398 f  DRV/digit_idx[1]_i_3/O
                         net (fo=3, routed)           0.673     7.071    DRV/digit_idx[1]_i_3_n_0
    SLICE_X60Y19         LUT5 (Prop_lut5_I4_O)        0.150     7.221 f  DRV/cnt[16]_i_3/O
                         net (fo=1, routed)           0.420     7.642    DRV/cnt[16]_i_3_n_0
    SLICE_X60Y18         LUT6 (Prop_lut6_I5_O)        0.348     7.990 r  DRV/cnt[16]_i_1/O
                         net (fo=16, routed)          0.755     8.745    DRV/cnt[16]_i_1_n_0
    SLICE_X61Y18         FDRE                                         r  DRV/cnt_reg[5]/R
  -------------------------------------------------------------------    -------------------

                         (clock sys_clk_pin rise edge)
                                                     10.000    10.000 r  <hidden>
    W5                                                0.000    10.000 r  clk
                         net (fo=0)                   0.000    10.000    clk
    W5                   IBUF (Prop_ibuf_I_O)         1.388    11.388 r  clk_IBUF_inst/O
                         net (fo=1, routed)           1.862    13.250    clk_IBUF
    BUFGCTRL_X0Y0        BUFG (Prop_bufg_I_O)         0.091    13.341 r  clk_IBUF_BUFG_inst/O
                         net (fo=109, routed)         1.508    14.849    DRV/clk_IBUF_BUFG
    SLICE_X61Y18         FDRE                                         r  DRV/cnt_reg[5]/C
                         clock pessimism              0.274    15.123    <hidden>
                         clock uncertainty           -0.035    15.088    <hidden>
    SLICE_X61Y18         FDRE (Setup_fdre_C_R)       -0.429    14.659    DRV/cnt_reg[5]
  -------------------------------------------------------------------
                         required time                         14.659    <hidden>
                         arrival time                          -8.745    <hidden>
  -------------------------------------------------------------------
                         slack                                  5.914    <hidden>

Slack (MET) :             5.914ns  (required time - arrival time)
  Source:                 DRV/cnt_reg[11]/C
                            (rising edge-triggered cell FDRE clocked by sys_clk_pin  {rise@0.000ns fall@5.000ns period=10.000ns})
  Destination:            DRV/cnt_reg[6]/R
                            (rising edge-triggered cell FDRE clocked by sys_clk_pin  {rise@0.000ns fall@5.000ns period=10.000ns})
  Path Group:             sys_clk_pin
  Path Type:              Setup (Max at Slow Process Corner)
  Requirement:            10.000ns  (sys_clk_pin rise@10.000ns - sys_clk_pin rise@0.000ns)
  Data Path Delay:        3.598ns  (logic 1.078ns (29.958%)  route 2.520ns (70.041%))
  Logic Levels:           3  (LUT4=1 LUT5=1 LUT6=1)
  Clock Path Skew:        -0.023ns (DCD - SCD + CPR)
    Destination Clock Delay (DCD):    4.849ns = ( 14.849 - 10.000 ) 
    Source Clock Delay      (SCD):    5.146ns
    Clock Pessimism Removal (CPR):    0.274ns
  Clock Uncertainty:      0.035ns  ((TSJ^2 + TIJ^2)^1/2 + DJ) / 2 + PE
    Total System Jitter     (TSJ):    0.071ns
    Total Input Jitter      (TIJ):    0.000ns
    Discrete Jitter          (DJ):    0.000ns
    Phase Error              (PE):    0.000ns

    Location             Delay type                Incr(ns)  Path(ns)    Netlist Resource(s)
  -------------------------------------------------------------------    -------------------
                         (clock sys_clk_pin rise edge)
                                                      0.000     0.000 r  <hidden>
    W5                                                0.000     0.000 r  clk
                         net (fo=0)                   0.000     0.000    clk
    W5                   IBUF (Prop_ibuf_I_O)         1.458     1.458 r  clk_IBUF_inst/O
                         net (fo=1, routed)           1.967     3.425    clk_IBUF
    BUFGCTRL_X0Y0        BUFG (Prop_bufg_I_O)         0.096     3.521 r  clk_IBUF_BUFG_inst/O
                         net (fo=109, routed)         1.625     5.146    DRV/clk_IBUF_BUFG
    SLICE_X61Y19         FDRE                                         r  DRV/cnt_reg[11]/C
  -------------------------------------------------------------------    -------------------
    SLICE_X61Y19         FDRE (Prop_fdre_C_Q)         0.456     5.602 f  DRV/cnt_reg[11]/Q
                         net (fo=2, routed)           0.672     6.274    DRV/cnt[11]
    SLICE_X60Y20         LUT4 (Prop_lut4_I1_O)        0.124     6.398 f  DRV/digit_idx[1]_i_3/O
                         net (fo=3, routed)           0.673     7.071    DRV/digit_idx[1]_i_3_n_0
    SLICE_X60Y19         LUT5 (Prop_lut5_I4_O)        0.150     7.221 f  DRV/cnt[16]_i_3/O
                         net (fo=1, routed)           0.420     7.642    DRV/cnt[16]_i_3_n_0
    SLICE_X60Y18         LUT6 (Prop_lut6_I5_O)        0.348     7.990 r  DRV/cnt[16]_i_1/O
                         net (fo=16, routed)          0.755     8.745    DRV/cnt[16]_i_1_n_0
    SLICE_X61Y18         FDRE                                         r  DRV/cnt_reg[6]/R
  -------------------------------------------------------------------    -------------------

                         (clock sys_clk_pin rise edge)
                                                     10.000    10.000 r  <hidden>
    W5                                                0.000    10.000 r  clk
                         net (fo=0)                   0.000    10.000    clk
    W5                   IBUF (Prop_ibuf_I_O)         1.388    11.388 r  clk_IBUF_inst/O
                         net (fo=1, routed)           1.862    13.250    clk_IBUF
    BUFGCTRL_X0Y0        BUFG (Prop_bufg_I_O)         0.091    13.341 r  clk_IBUF_BUFG_inst/O
                         net (fo=109, routed)         1.508    14.849    DRV/clk_IBUF_BUFG
    SLICE_X61Y18         FDRE                                         r  DRV/cnt_reg[6]/C
                         clock pessimism              0.274    15.123    <hidden>
                         clock uncertainty           -0.035    15.088    <hidden>
    SLICE_X61Y18         FDRE (Setup_fdre_C_R)       -0.429    14.659    DRV/cnt_reg[6]
  -------------------------------------------------------------------
                         required time                         14.659    <hidden>
                         arrival time                          -8.745    <hidden>
  -------------------------------------------------------------------
                         slack                                  5.914    <hidden>

Slack (MET) :             5.914ns  (required time - arrival time)
  Source:                 DRV/cnt_reg[11]/C
                            (rising edge-triggered cell FDRE clocked by sys_clk_pin  {rise@0.000ns fall@5.000ns period=10.000ns})
  Destination:            DRV/cnt_reg[7]/R
                            (rising edge-triggered cell FDRE clocked by sys_clk_pin  {rise@0.000ns fall@5.000ns period=10.000ns})
  Path Group:             sys_clk_pin
  Path Type:              Setup (Max at Slow Process Corner)
  Requirement:            10.000ns  (sys_clk_pin rise@10.000ns - sys_clk_pin rise@0.000ns)
  Data Path Delay:        3.598ns  (logic 1.078ns (29.958%)  route 2.520ns (70.041%))
  Logic Levels:           3  (LUT4=1 LUT5=1 LUT6=1)
  Clock Path Skew:        -0.023ns (DCD - SCD + CPR)
    Destination Clock Delay (DCD):    4.849ns = ( 14.849 - 10.000 ) 
    Source Clock Delay      (SCD):    5.146ns
    Clock Pessimism Removal (CPR):    0.274ns
  Clock Uncertainty:      0.035ns  ((TSJ^2 + TIJ^2)^1/2 + DJ) / 2 + PE
    Total System Jitter     (TSJ):    0.071ns
    Total Input Jitter      (TIJ):    0.000ns
    Discrete Jitter          (DJ):    0.000ns
    Phase Error              (PE):    0.000ns

    Location             Delay type                Incr(ns)  Path(ns)    Netlist Resource(s)
  -------------------------------------------------------------------    -------------------
                         (clock sys_clk_pin rise edge)
                                                      0.000     0.000 r  <hidden>
    W5                                                0.000     0.000 r  clk
                         net (fo=0)                   0.000     0.000    clk
    W5                   IBUF (Prop_ibuf_I_O)         1.458     1.458 r  clk_IBUF_inst/O
                         net (fo=1, routed)           1.967     3.425    clk_IBUF
    BUFGCTRL_X0Y0        BUFG (Prop_bufg_I_O)         0.096     3.521 r  clk_IBUF_BUFG_inst/O
                         net (fo=109, routed)         1.625     5.146    DRV/clk_IBUF_BUFG
    SLICE_X61Y19         FDRE                                         r  DRV/cnt_reg[11]/C
  -------------------------------------------------------------------    -------------------
    SLICE_X61Y19         FDRE (Prop_fdre_C_Q)         0.456     5.602 f  DRV/cnt_reg[11]/Q
                         net (fo=2, routed)           0.672     6.274    DRV/cnt[11]
    SLICE_X60Y20         LUT4 (Prop_lut4_I1_O)        0.124     6.398 f  DRV/digit_idx[1]_i_3/O
                         net (fo=3, routed)           0.673     7.071    DRV/digit_idx[1]_i_3_n_0
    SLICE_X60Y19         LUT5 (Prop_lut5_I4_O)        0.150     7.221 f  DRV/cnt[16]_i_3/O
                         net (fo=1, routed)           0.420     7.642    DRV/cnt[16]_i_3_n_0
    SLICE_X60Y18         LUT6 (Prop_lut6_I5_O)        0.348     7.990 r  DRV/cnt[16]_i_1/O
                         net (fo=16, routed)          0.755     8.745    DRV/cnt[16]_i_1_n_0
    SLICE_X61Y18         FDRE                                         r  DRV/cnt_reg[7]/R
  -------------------------------------------------------------------    -------------------

                         (clock sys_clk_pin rise edge)
                                                     10.000    10.000 r  <hidden>
    W5                                                0.000    10.000 r  clk
                         net (fo=0)                   0.000    10.000    clk
    W5                   IBUF (Prop_ibuf_I_O)         1.388    11.388 r  clk_IBUF_inst/O
                         net (fo=1, routed)           1.862    13.250    clk_IBUF
    BUFGCTRL_X0Y0        BUFG (Prop_bufg_I_O)         0.091    13.341 r  clk_IBUF_BUFG_inst/O
                         net (fo=109, routed)         1.508    14.849    DRV/clk_IBUF_BUFG
    SLICE_X61Y18         FDRE                                         r  DRV/cnt_reg[7]/C
                         clock pessimism              0.274    15.123    <hidden>
                         clock uncertainty           -0.035    15.088    <hidden>
    SLICE_X61Y18         FDRE (Setup_fdre_C_R)       -0.429    14.659    DRV/cnt_reg[7]
  -------------------------------------------------------------------
                         required time                         14.659    <hidden>
                         arrival time                          -8.745    <hidden>
  -------------------------------------------------------------------
                         slack                                  5.914    <hidden>

Slack (MET) :             5.914ns  (required time - arrival time)
  Source:                 DRV/cnt_reg[11]/C
                            (rising edge-triggered cell FDRE clocked by sys_clk_pin  {rise@0.000ns fall@5.000ns period=10.000ns})
  Destination:            DRV/cnt_reg[8]/R
                            (rising edge-triggered cell FDRE clocked by sys_clk_pin  {rise@0.000ns fall@5.000ns period=10.000ns})
  Path Group:             sys_clk_pin
  Path Type:              Setup (Max at Slow Process Corner)
  Requirement:            10.000ns  (sys_clk_pin rise@10.000ns - sys_clk_pin rise@0.000ns)
  Data Path Delay:        3.598ns  (logic 1.078ns (29.958%)  route 2.520ns (70.041%))
  Logic Levels:           3  (LUT4=1 LUT5=1 LUT6=1)
  Clock Path Skew:        -0.023ns (DCD - SCD + CPR)
    Destination Clock Delay (DCD):    4.849ns = ( 14.849 - 10.000 ) 
    Source Clock Delay      (SCD):    5.146ns
    Clock Pessimism Removal (CPR):    0.274ns
  Clock Uncertainty:      0.035ns  ((TSJ^2 + TIJ^2)^1/2 + DJ) / 2 + PE
    Total System Jitter     (TSJ):    0.071ns
    Total Input Jitter      (TIJ):    0.000ns
    Discrete Jitter          (DJ):    0.000ns
    Phase Error              (PE):    0.000ns

    Location             Delay type                Incr(ns)  Path(ns)    Netlist Resource(s)
  -------------------------------------------------------------------    -------------------
                         (clock sys_clk_pin rise edge)
                                                      0.000     0.000 r  <hidden>
    W5                                                0.000     0.000 r  clk
                         net (fo=0)                   0.000     0.000    clk
    W5                   IBUF (Prop_ibuf_I_O)         1.458     1.458 r  clk_IBUF_inst/O
                         net (fo=1, routed)           1.967     3.425    clk_IBUF
    BUFGCTRL_X0Y0        BUFG (Prop_bufg_I_O)         0.096     3.521 r  clk_IBUF_BUFG_inst/O
                         net (fo=109, routed)         1.625     5.146    DRV/clk_IBUF_BUFG
    SLICE_X61Y19         FDRE                                         r  DRV/cnt_reg[11]/C
  -------------------------------------------------------------------    -------------------
    SLICE_X61Y19         FDRE (Prop_fdre_C_Q)         0.456     5.602 f  DRV/cnt_reg[11]/Q
                         net (fo=2, routed)           0.672     6.274    DRV/cnt[11]
    SLICE_X60Y20         LUT4 (Prop_lut4_I1_O)        0.124     6.398 f  DRV/digit_idx[1]_i_3/O
                         net (fo=3, routed)           0.673     7.071    DRV/digit_idx[1]_i_3_n_0
    SLICE_X60Y19         LUT5 (Prop_lut5_I4_O)        0.150     7.221 f  DRV/cnt[16]_i_3/O
                         net (fo=1, routed)           0.420     7.642    DRV/cnt[16]_i_3_n_0
    SLICE_X60Y18         LUT6 (Prop_lut6_I5_O)        0.348     7.990 r  DRV/cnt[16]_i_1/O
                         net (fo=16, routed)          0.755     8.745    DRV/cnt[16]_i_1_n_0
    SLICE_X61Y18         FDRE                                         r  DRV/cnt_reg[8]/R
  -------------------------------------------------------------------    -------------------

                         (clock sys_clk_pin rise edge)
                                                     10.000    10.000 r  <hidden>
    W5                                                0.000    10.000 r  clk
                         net (fo=0)                   0.000    10.000    clk
    W5                   IBUF (Prop_ibuf_I_O)         1.388    11.388 r  clk_IBUF_inst/O
                         net (fo=1, routed)           1.862    13.250    clk_IBUF
    BUFGCTRL_X0Y0        BUFG (Prop_bufg_I_O)         0.091    13.341 r  clk_IBUF_BUFG_inst/O
                         net (fo=109, routed)         1.508    14.849    DRV/clk_IBUF_BUFG
    SLICE_X61Y18         FDRE                                         r  DRV/cnt_reg[8]/C
                         clock pessimism              0.274    15.123    <hidden>
                         clock uncertainty           -0.035    15.088    <hidden>
    SLICE_X61Y18         FDRE (Setup_fdre_C_R)       -0.429    14.659    DRV/cnt_reg[8]
  -------------------------------------------------------------------
                         required time                         14.659    <hidden>
                         arrival time                          -8.745    <hidden>
  -------------------------------------------------------------------
                         slack                                  5.914    <hidden>

Slack (MET) :             5.959ns  (required time - arrival time)
  Source:                 DRV/cnt_reg[11]/C
                            (rising edge-triggered cell FDRE clocked by sys_clk_pin  {rise@0.000ns fall@5.000ns period=10.000ns})
  Destination:            DRV/cnt_reg[13]/R
                            (rising edge-triggered cell FDRE clocked by sys_clk_pin  {rise@0.000ns fall@5.000ns period=10.000ns})
  Path Group:             sys_clk_pin
  Path Type:              Setup (Max at Slow Process Corner)
  Requirement:            10.000ns  (sys_clk_pin rise@10.000ns - sys_clk_pin rise@0.000ns)
  Data Path Delay:        3.553ns  (logic 1.078ns (30.339%)  route 2.475ns (69.661%))
  Logic Levels:           3  (LUT4=1 LUT5=1 LUT6=1)
  Clock Path Skew:        -0.024ns (DCD - SCD + CPR)
    Destination Clock Delay (DCD):    4.848ns = ( 14.848 - 10.000 ) 
    Source Clock Delay      (SCD):    5.146ns
    Clock Pessimism Removal (CPR):    0.274ns
  Clock Uncertainty:      0.035ns  ((TSJ^2 + TIJ^2)^1/2 + DJ) / 2 + PE
    Total System Jitter     (TSJ):    0.071ns
    Total Input Jitter      (TIJ):    0.000ns
    Discrete Jitter          (DJ):    0.000ns
    Phase Error              (PE):    0.000ns

    Location             Delay type                Incr(ns)  Path(ns)    Netlist Resource(s)
  -------------------------------------------------------------------    -------------------
                         (clock sys_clk_pin rise edge)
                                                      0.000     0.000 r  <hidden>
    W5                                                0.000     0.000 r  clk
                         net (fo=0)                   0.000     0.000    clk
    W5                   IBUF (Prop_ibuf_I_O)         1.458     1.458 r  clk_IBUF_inst/O
                         net (fo=1, routed)           1.967     3.425    clk_IBUF
    BUFGCTRL_X0Y0        BUFG (Prop_bufg_I_O)         0.096     3.521 r  clk_IBUF_BUFG_inst/O
                         net (fo=109, routed)         1.625     5.146    DRV/clk_IBUF_BUFG
    SLICE_X61Y19         FDRE                                         r  DRV/cnt_reg[11]/C
  -------------------------------------------------------------------    -------------------
    SLICE_X61Y19         FDRE (Prop_fdre_C_Q)         0.456     5.602 f  DRV/cnt_reg[11]/Q
                         net (fo=2, routed)           0.672     6.274    DRV/cnt[11]
    SLICE_X60Y20         LUT4 (Prop_lut4_I1_O)        0.124     6.398 f  DRV/digit_idx[1]_i_3/O
                         net (fo=3, routed)           0.673     7.071    DRV/digit_idx[1]_i_3_n_0
    SLICE_X60Y19         LUT5 (Prop_lut5_I4_O)        0.150     7.221 f  DRV/cnt[16]_i_3/O
                         net (fo=1, routed)           0.420     7.642    DRV/cnt[16]_i_3_n_0
    SLICE_X60Y18         LUT6 (Prop_lut6_I5_O)        0.348     7.990 r  DRV/cnt[16]_i_1/O
                         net (fo=16, routed)          0.710     8.699    DRV/cnt[16]_i_1_n_0
    SLICE_X61Y20         FDRE                                         r  DRV/cnt_reg[13]/R
  -------------------------------------------------------------------    -------------------

                         (clock sys_clk_pin rise edge)
                                                     10.000    10.000 r  <hidden>
    W5                                                0.000    10.000 r  clk
                         net (fo=0)                   0.000    10.000    clk
    W5                   IBUF (Prop_ibuf_I_O)         1.388    11.388 r  clk_IBUF_inst/O
                         net (fo=1, routed)           1.862    13.250    clk_IBUF
    BUFGCTRL_X0Y0        BUFG (Prop_bufg_I_O)         0.091    13.341 r  clk_IBUF_BUFG_inst/O
                         net (fo=109, routed)         1.507    14.848    DRV/clk_IBUF_BUFG
    SLICE_X61Y20         FDRE                                         r  DRV/cnt_reg[13]/C
                         clock pessimism              0.274    15.122    <hidden>
                         clock uncertainty           -0.035    15.087    <hidden>
    SLICE_X61Y20         FDRE (Setup_fdre_C_R)       -0.429    14.658    DRV/cnt_reg[13]
  -------------------------------------------------------------------
                         required time                         14.658    <hidden>
                         arrival time                          -8.699    <hidden>
  -------------------------------------------------------------------
                         slack                                  5.959    <hidden>

Slack (MET) :             5.959ns  (required time - arrival time)
  Source:                 DRV/cnt_reg[11]/C
                            (rising edge-triggered cell FDRE clocked by sys_clk_pin  {rise@0.000ns fall@5.000ns period=10.000ns})
  Destination:            DRV/cnt_reg[14]/R
                            (rising edge-triggered cell FDRE clocked by sys_clk_pin  {rise@0.000ns fall@5.000ns period=10.000ns})
  Path Group:             sys_clk_pin
  Path Type:              Setup (Max at Slow Process Corner)
  Requirement:            10.000ns  (sys_clk_pin rise@10.000ns - sys_clk_pin rise@0.000ns)
  Data Path Delay:        3.553ns  (logic 1.078ns (30.339%)  route 2.475ns (69.661%))
  Logic Levels:           3  (LUT4=1 LUT5=1 LUT6=1)
  Clock Path Skew:        -0.024ns (DCD - SCD + CPR)
    Destination Clock Delay (DCD):    4.848ns = ( 14.848 - 10.000 ) 
    Source Clock Delay      (SCD):    5.146ns
    Clock Pessimism Removal (CPR):    0.274ns
  Clock Uncertainty:      0.035ns  ((TSJ^2 + TIJ^2)^1/2 + DJ) / 2 + PE
    Total System Jitter     (TSJ):    0.071ns
    Total Input Jitter      (TIJ):    0.000ns
    Discrete Jitter          (DJ):    0.000ns
    Phase Error              (PE):    0.000ns

    Location             Delay type                Incr(ns)  Path(ns)    Netlist Resource(s)
  -------------------------------------------------------------------    -------------------
                         (clock sys_clk_pin rise edge)
                                                      0.000     0.000 r  <hidden>
    W5                                                0.000     0.000 r  clk
                         net (fo=0)                   0.000     0.000    clk
    W5                   IBUF (Prop_ibuf_I_O)         1.458     1.458 r  clk_IBUF_inst/O
                         net (fo=1, routed)           1.967     3.425    clk_IBUF
    BUFGCTRL_X0Y0        BUFG (Prop_bufg_I_O)         0.096     3.521 r  clk_IBUF_BUFG_inst/O
                         net (fo=109, routed)         1.625     5.146    DRV/clk_IBUF_BUFG
    SLICE_X61Y19         FDRE                                         r  DRV/cnt_reg[11]/C
  -------------------------------------------------------------------    -------------------
    SLICE_X61Y19         FDRE (Prop_fdre_C_Q)         0.456     5.602 f  DRV/cnt_reg[11]/Q
                         net (fo=2, routed)           0.672     6.274    DRV/cnt[11]
    SLICE_X60Y20         LUT4 (Prop_lut4_I1_O)        0.124     6.398 f  DRV/digit_idx[1]_i_3/O
                         net (fo=3, routed)           0.673     7.071    DRV/digit_idx[1]_i_3_n_0
    SLICE_X60Y19         LUT5 (Prop_lut5_I4_O)        0.150     7.221 f  DRV/cnt[16]_i_3/O
                         net (fo=1, routed)           0.420     7.642    DRV/cnt[16]_i_3_n_0
    SLICE_X60Y18         LUT6 (Prop_lut6_I5_O)        0.348     7.990 r  DRV/cnt[16]_i_1/O
                         net (fo=16, routed)          0.710     8.699    DRV/cnt[16]_i_1_n_0
    SLICE_X61Y20         FDRE                                         r  DRV/cnt_reg[14]/R
  -------------------------------------------------------------------    -------------------

                         (clock sys_clk_pin rise edge)
                                                     10.000    10.000 r  <hidden>
    W5                                                0.000    10.000 r  clk
                         net (fo=0)                   0.000    10.000    clk
    W5                   IBUF (Prop_ibuf_I_O)         1.388    11.388 r  clk_IBUF_inst/O
                         net (fo=1, routed)           1.862    13.250    clk_IBUF
    BUFGCTRL_X0Y0        BUFG (Prop_bufg_I_O)         0.091    13.341 r  clk_IBUF_BUFG_inst/O
                         net (fo=109, routed)         1.507    14.848    DRV/clk_IBUF_BUFG
    SLICE_X61Y20         FDRE                                         r  DRV/cnt_reg[14]/C
                         clock pessimism              0.274    15.122    <hidden>
                         clock uncertainty           -0.035    15.087    <hidden>
    SLICE_X61Y20         FDRE (Setup_fdre_C_R)       -0.429    14.658    DRV/cnt_reg[14]
  -------------------------------------------------------------------
                         required time                         14.658    <hidden>
                         arrival time                          -8.699    <hidden>
  -------------------------------------------------------------------
                         slack                                  5.959    <hidden>

Slack (MET) :             5.959ns  (required time - arrival time)
  Source:                 DRV/cnt_reg[11]/C
                            (rising edge-triggered cell FDRE clocked by sys_clk_pin  {rise@0.000ns fall@5.000ns period=10.000ns})
  Destination:            DRV/cnt_reg[15]/R
                            (rising edge-triggered cell FDRE clocked by sys_clk_pin  {rise@0.000ns fall@5.000ns period=10.000ns})
  Path Group:             sys_clk_pin
  Path Type:              Setup (Max at Slow Process Corner)
  Requirement:            10.000ns  (sys_clk_pin rise@10.000ns - sys_clk_pin rise@0.000ns)
  Data Path Delay:        3.553ns  (logic 1.078ns (30.339%)  route 2.475ns (69.661%))
  Logic Levels:           3  (LUT4=1 LUT5=1 LUT6=1)
  Clock Path Skew:        -0.024ns (DCD - SCD + CPR)
    Destination Clock Delay (DCD):    4.848ns = ( 14.848 - 10.000 ) 
    Source Clock Delay      (SCD):    5.146ns
    Clock Pessimism Removal (CPR):    0.274ns
  Clock Uncertainty:      0.035ns  ((TSJ^2 + TIJ^2)^1/2 + DJ) / 2 + PE
    Total System Jitter     (TSJ):    0.071ns
    Total Input Jitter      (TIJ):    0.000ns
    Discrete Jitter          (DJ):    0.000ns
    Phase Error              (PE):    0.000ns

    Location             Delay type                Incr(ns)  Path(ns)    Netlist Resource(s)
  -------------------------------------------------------------------    -------------------
                         (clock sys_clk_pin rise edge)
                                                      0.000     0.000 r  <hidden>
    W5                                                0.000     0.000 r  clk
                         net (fo=0)                   0.000     0.000    clk
    W5                   IBUF (Prop_ibuf_I_O)         1.458     1.458 r  clk_IBUF_inst/O
                         net (fo=1, routed)           1.967     3.425    clk_IBUF
    BUFGCTRL_X0Y0        BUFG (Prop_bufg_I_O)         0.096     3.521 r  clk_IBUF_BUFG_inst/O
                         net (fo=109, routed)         1.625     5.146    DRV/clk_IBUF_BUFG
    SLICE_X61Y19         FDRE                                         r  DRV/cnt_reg[11]/C
  -------------------------------------------------------------------    -------------------
    SLICE_X61Y19         FDRE (Prop_fdre_C_Q)         0.456     5.602 f  DRV/cnt_reg[11]/Q
                         net (fo=2, routed)           0.672     6.274    DRV/cnt[11]
    SLICE_X60Y20         LUT4 (Prop_lut4_I1_O)        0.124     6.398 f  DRV/digit_idx[1]_i_3/O
                         net (fo=3, routed)           0.673     7.071    DRV/digit_idx[1]_i_3_n_0
    SLICE_X60Y19         LUT5 (Prop_lut5_I4_O)        0.150     7.221 f  DRV/cnt[16]_i_3/O
                         net (fo=1, routed)           0.420     7.642    DRV/cnt[16]_i_3_n_0
    SLICE_X60Y18         LUT6 (Prop_lut6_I5_O)        0.348     7.990 r  DRV/cnt[16]_i_1/O
                         net (fo=16, routed)          0.710     8.699    DRV/cnt[16]_i_1_n_0
    SLICE_X61Y20         FDRE                                         r  DRV/cnt_reg[15]/R
  -------------------------------------------------------------------    -------------------

                         (clock sys_clk_pin rise edge)
                                                     10.000    10.000 r  <hidden>
    W5                                                0.000    10.000 r  clk
                         net (fo=0)                   0.000    10.000    clk
    W5                   IBUF (Prop_ibuf_I_O)         1.388    11.388 r  clk_IBUF_inst/O
                         net (fo=1, routed)           1.862    13.250    clk_IBUF
    BUFGCTRL_X0Y0        BUFG (Prop_bufg_I_O)         0.091    13.341 r  clk_IBUF_BUFG_inst/O
                         net (fo=109, routed)         1.507    14.848    DRV/clk_IBUF_BUFG
    SLICE_X61Y20         FDRE                                         r  DRV/cnt_reg[15]/C
                         clock pessimism              0.274    15.122    <hidden>
                         clock uncertainty           -0.035    15.087    <hidden>
    SLICE_X61Y20         FDRE (Setup_fdre_C_R)       -0.429    14.658    DRV/cnt_reg[15]
  -------------------------------------------------------------------
                         required time                         14.658    <hidden>
                         arrival time                          -8.699    <hidden>
  -------------------------------------------------------------------
                         slack                                  5.959    <hidden>

Slack (MET) :             5.959ns  (required time - arrival time)
  Source:                 DRV/cnt_reg[11]/C
                            (rising edge-triggered cell FDRE clocked by sys_clk_pin  {rise@0.000ns fall@5.000ns period=10.000ns})
  Destination:            DRV/cnt_reg[16]/R
                            (rising edge-triggered cell FDRE clocked by sys_clk_pin  {rise@0.000ns fall@5.000ns period=10.000ns})
  Path Group:             sys_clk_pin
  Path Type:              Setup (Max at Slow Process Corner)
  Requirement:            10.000ns  (sys_clk_pin rise@10.000ns - sys_clk_pin rise@0.000ns)
  Data Path Delay:        3.553ns  (logic 1.078ns (30.339%)  route 2.475ns (69.661%))
  Logic Levels:           3  (LUT4=1 LUT5=1 LUT6=1)
  Clock Path Skew:        -0.024ns (DCD - SCD + CPR)
    Destination Clock Delay (DCD):    4.848ns = ( 14.848 - 10.000 ) 
    Source Clock Delay      (SCD):    5.146ns
    Clock Pessimism Removal (CPR):    0.274ns
  Clock Uncertainty:      0.035ns  ((TSJ^2 + TIJ^2)^1/2 + DJ) / 2 + PE
    Total System Jitter     (TSJ):    0.071ns
    Total Input Jitter      (TIJ):    0.000ns
    Discrete Jitter          (DJ):    0.000ns
    Phase Error              (PE):    0.000ns

    Location             Delay type                Incr(ns)  Path(ns)    Netlist Resource(s)
  -------------------------------------------------------------------    -------------------
                         (clock sys_clk_pin rise edge)
                                                      0.000     0.000 r  <hidden>
    W5                                                0.000     0.000 r  clk
                         net (fo=0)                   0.000     0.000    clk
    W5                   IBUF (Prop_ibuf_I_O)         1.458     1.458 r  clk_IBUF_inst/O
                         net (fo=1, routed)           1.967     3.425    clk_IBUF
    BUFGCTRL_X0Y0        BUFG (Prop_bufg_I_O)         0.096     3.521 r  clk_IBUF_BUFG_inst/O
                         net (fo=109, routed)         1.625     5.146    DRV/clk_IBUF_BUFG
    SLICE_X61Y19         FDRE                                         r  DRV/cnt_reg[11]/C
  -------------------------------------------------------------------    -------------------
    SLICE_X61Y19         FDRE (Prop_fdre_C_Q)         0.456     5.602 f  DRV/cnt_reg[11]/Q
                         net (fo=2, routed)           0.672     6.274    DRV/cnt[11]
    SLICE_X60Y20         LUT4 (Prop_lut4_I1_O)        0.124     6.398 f  DRV/digit_idx[1]_i_3/O
                         net (fo=3, routed)           0.673     7.071    DRV/digit_idx[1]_i_3_n_0
    SLICE_X60Y19         LUT5 (Prop_lut5_I4_O)        0.150     7.221 f  DRV/cnt[16]_i_3/O
                         net (fo=1, routed)           0.420     7.642    DRV/cnt[16]_i_3_n_0
    SLICE_X60Y18         LUT6 (Prop_lut6_I5_O)        0.348     7.990 r  DRV/cnt[16]_i_1/O
                         net (fo=16, routed)          0.710     8.699    DRV/cnt[16]_i_1_n_0
    SLICE_X61Y20         FDRE                                         r  DRV/cnt_reg[16]/R
  -------------------------------------------------------------------    -------------------

                         (clock sys_clk_pin rise edge)
                                                     10.000    10.000 r  <hidden>
    W5                                                0.000    10.000 r  clk
                         net (fo=0)                   0.000    10.000    clk
    W5                   IBUF (Prop_ibuf_I_O)         1.388    11.388 r  clk_IBUF_inst/O
                         net (fo=1, routed)           1.862    13.250    clk_IBUF
    BUFGCTRL_X0Y0        BUFG (Prop_bufg_I_O)         0.091    13.341 r  clk_IBUF_BUFG_inst/O
                         net (fo=109, routed)         1.507    14.848    DRV/clk_IBUF_BUFG
    SLICE_X61Y20         FDRE                                         r  DRV/cnt_reg[16]/C
                         clock pessimism              0.274    15.122    <hidden>
                         clock uncertainty           -0.035    15.087    <hidden>
    SLICE_X61Y20         FDRE (Setup_fdre_C_R)       -0.429    14.658    DRV/cnt_reg[16]
  -------------------------------------------------------------------
                         required time                         14.658    <hidden>
                         arrival time                          -8.699    <hidden>
  -------------------------------------------------------------------
                         slack                                  5.959    <hidden>

Slack (MET) :             6.055ns  (required time - arrival time)
  Source:                 DRV/cnt_reg[11]/C
                            (rising edge-triggered cell FDRE clocked by sys_clk_pin  {rise@0.000ns fall@5.000ns period=10.000ns})
  Destination:            DRV/cnt_reg[1]/R
                            (rising edge-triggered cell FDRE clocked by sys_clk_pin  {rise@0.000ns fall@5.000ns period=10.000ns})
  Path Group:             sys_clk_pin
  Path Type:              Setup (Max at Slow Process Corner)
  Requirement:            10.000ns  (sys_clk_pin rise@10.000ns - sys_clk_pin rise@0.000ns)
  Data Path Delay:        3.460ns  (logic 1.078ns (31.157%)  route 2.382ns (68.843%))
  Logic Levels:           3  (LUT4=1 LUT5=1 LUT6=1)
  Clock Path Skew:        -0.021ns (DCD - SCD + CPR)
    Destination Clock Delay (DCD):    4.851ns = ( 14.851 - 10.000 ) 
    Source Clock Delay      (SCD):    5.146ns
    Clock Pessimism Removal (CPR):    0.274ns
  Clock Uncertainty:      0.035ns  ((TSJ^2 + TIJ^2)^1/2 + DJ) / 2 + PE
    Total System Jitter     (TSJ):    0.071ns
    Total Input Jitter      (TIJ):    0.000ns
    Discrete Jitter          (DJ):    0.000ns
    Phase Error              (PE):    0.000ns

    Location             Delay type                Incr(ns)  Path(ns)    Netlist Resource(s)
  -------------------------------------------------------------------    -------------------
                         (clock sys_clk_pin rise edge)
                                                      0.000     0.000 r  <hidden>
    W5                                                0.000     0.000 r  clk
                         net (fo=0)                   0.000     0.000    clk
    W5                   IBUF (Prop_ibuf_I_O)         1.458     1.458 r  clk_IBUF_inst/O
                         net (fo=1, routed)           1.967     3.425    clk_IBUF
    BUFGCTRL_X0Y0        BUFG (Prop_bufg_I_O)         0.096     3.521 r  clk_IBUF_BUFG_inst/O
                         net (fo=109, routed)         1.625     5.146    DRV/clk_IBUF_BUFG
    SLICE_X61Y19         FDRE                                         r  DRV/cnt_reg[11]/C
  -------------------------------------------------------------------    -------------------
    SLICE_X61Y19         FDRE (Prop_fdre_C_Q)         0.456     5.602 f  DRV/cnt_reg[11]/Q
                         net (fo=2, routed)           0.672     6.274    DRV/cnt[11]
    SLICE_X60Y20         LUT4 (Prop_lut4_I1_O)        0.124     6.398 f  DRV/digit_idx[1]_i_3/O
                         net (fo=3, routed)           0.673     7.071    DRV/digit_idx[1]_i_3_n_0
    SLICE_X60Y19         LUT5 (Prop_lut5_I4_O)        0.150     7.221 f  DRV/cnt[16]_i_3/O
                         net (fo=1, routed)           0.420     7.642    DRV/cnt[16]_i_3_n_0
    SLICE_X60Y18         LUT6 (Prop_lut6_I5_O)        0.348     7.990 r  DRV/cnt[16]_i_1/O
                         net (fo=16, routed)          0.616     8.606    DRV/cnt[16]_i_1_n_0
    SLICE_X61Y17         FDRE                                         r  DRV/cnt_reg[1]/R
  -------------------------------------------------------------------    -------------------

                         (clock sys_clk_pin rise edge)
                                                     10.000    10.000 r  <hidden>
    W5                                                0.000    10.000 r  clk
                         net (fo=0)                   0.000    10.000    clk
    W5                   IBUF (Prop_ibuf_I_O)         1.388    11.388 r  clk_IBUF_inst/O
                         net (fo=1, routed)           1.862    13.250    clk_IBUF
    BUFGCTRL_X0Y0        BUFG (Prop_bufg_I_O)         0.091    13.341 r  clk_IBUF_BUFG_inst/O
                         net (fo=109, routed)         1.510    14.851    DRV/clk_IBUF_BUFG
    SLICE_X61Y17         FDRE                                         r  DRV/cnt_reg[1]/C
                         clock pessimism              0.274    15.125    <hidden>
                         clock uncertainty           -0.035    15.090    <hidden>
    SLICE_X61Y17         FDRE (Setup_fdre_C_R)       -0.429    14.661    DRV/cnt_reg[1]
  -------------------------------------------------------------------
                         required time                         14.661    <hidden>
                         arrival time                          -8.606    <hidden>
  -------------------------------------------------------------------
                         slack                                  6.055    <hidden>

Slack (MET) :             6.055ns  (required time - arrival time)
  Source:                 DRV/cnt_reg[11]/C
                            (rising edge-triggered cell FDRE clocked by sys_clk_pin  {rise@0.000ns fall@5.000ns period=10.000ns})
  Destination:            DRV/cnt_reg[2]/R
                            (rising edge-triggered cell FDRE clocked by sys_clk_pin  {rise@0.000ns fall@5.000ns period=10.000ns})
  Path Group:             sys_clk_pin
  Path Type:              Setup (Max at Slow Process Corner)
  Requirement:            10.000ns  (sys_clk_pin rise@10.000ns - sys_clk_pin rise@0.000ns)
  Data Path Delay:        3.460ns  (logic 1.078ns (31.157%)  route 2.382ns (68.843%))
  Logic Levels:           3  (LUT4=1 LUT5=1 LUT6=1)
  Clock Path Skew:        -0.021ns (DCD - SCD + CPR)
    Destination Clock Delay (DCD):    4.851ns = ( 14.851 - 10.000 ) 
    Source Clock Delay      (SCD):    5.146ns
    Clock Pessimism Removal (CPR):    0.274ns
  Clock Uncertainty:      0.035ns  ((TSJ^2 + TIJ^2)^1/2 + DJ) / 2 + PE
    Total System Jitter     (TSJ):    0.071ns
    Total Input Jitter      (TIJ):    0.000ns
    Discrete Jitter          (DJ):    0.000ns
    Phase Error              (PE):    0.000ns

    Location             Delay type                Incr(ns)  Path(ns)    Netlist Resource(s)
  -------------------------------------------------------------------    -------------------
                         (clock sys_clk_pin rise edge)
                                                      0.000     0.000 r  <hidden>
    W5                                                0.000     0.000 r  clk
                         net (fo=0)                   0.000     0.000    clk
    W5                   IBUF (Prop_ibuf_I_O)         1.458     1.458 r  clk_IBUF_inst/O
                         net (fo=1, routed)           1.967     3.425    clk_IBUF
    BUFGCTRL_X0Y0        BUFG (Prop_bufg_I_O)         0.096     3.521 r  clk_IBUF_BUFG_inst/O
                         net (fo=109, routed)         1.625     5.146    DRV/clk_IBUF_BUFG
    SLICE_X61Y19         FDRE                                         r  DRV/cnt_reg[11]/C
  -------------------------------------------------------------------    -------------------
    SLICE_X61Y19         FDRE (Prop_fdre_C_Q)         0.456     5.602 f  DRV/cnt_reg[11]/Q
                         net (fo=2, routed)           0.672     6.274    DRV/cnt[11]
    SLICE_X60Y20         LUT4 (Prop_lut4_I1_O)        0.124     6.398 f  DRV/digit_idx[1]_i_3/O
                         net (fo=3, routed)           0.673     7.071    DRV/digit_idx[1]_i_3_n_0
    SLICE_X60Y19         LUT5 (Prop_lut5_I4_O)        0.150     7.221 f  DRV/cnt[16]_i_3/O
                         net (fo=1, routed)           0.420     7.642    DRV/cnt[16]_i_3_n_0
    SLICE_X60Y18         LUT6 (Prop_lut6_I5_O)        0.348     7.990 r  DRV/cnt[16]_i_1/O
                         net (fo=16, routed)          0.616     8.606    DRV/cnt[16]_i_1_n_0
    SLICE_X61Y17         FDRE                                         r  DRV/cnt_reg[2]/R
  -------------------------------------------------------------------    -------------------

                         (clock sys_clk_pin rise edge)
                                                     10.000    10.000 r  <hidden>
    W5                                                0.000    10.000 r  clk
                         net (fo=0)                   0.000    10.000    clk
    W5                   IBUF (Prop_ibuf_I_O)         1.388    11.388 r  clk_IBUF_inst/O
                         net (fo=1, routed)           1.862    13.250    clk_IBUF
    BUFGCTRL_X0Y0        BUFG (Prop_bufg_I_O)         0.091    13.341 r  clk_IBUF_BUFG_inst/O
                         net (fo=109, routed)         1.510    14.851    DRV/clk_IBUF_BUFG
    SLICE_X61Y17         FDRE                                         r  DRV/cnt_reg[2]/C
                         clock pessimism              0.274    15.125    <hidden>
                         clock uncertainty           -0.035    15.090    <hidden>
    SLICE_X61Y17         FDRE (Setup_fdre_C_R)       -0.429    14.661    DRV/cnt_reg[2]
  -------------------------------------------------------------------
                         required time                         14.661    <hidden>
                         arrival time                          -8.606    <hidden>
  -------------------------------------------------------------------
                         slack                                  6.055    <hidden>





Min Delay Paths
--------------------------------------------------------------------------------------
Slack (MET) :             0.200ns  (arrival time - required time)
  Source:                 DBU/ff3_reg/C
                            (rising edge-triggered cell FDRE clocked by sys_clk_pin  {rise@0.000ns fall@5.000ns period=10.000ns})
  Destination:            DBU/stable_reg/D
                            (rising edge-triggered cell FDRE clocked by sys_clk_pin  {rise@0.000ns fall@5.000ns period=10.000ns})
  Path Group:             sys_clk_pin
  Path Type:              Hold (Min at Fast Process Corner)
  Requirement:            0.000ns  (sys_clk_pin rise@0.000ns - sys_clk_pin rise@0.000ns)
  Data Path Delay:        0.320ns  (logic 0.246ns (76.992%)  route 0.074ns (23.008%))
  Logic Levels:           1  (LUT4=1)
  Clock Path Skew:        0.000ns (DCD - SCD - CPR)
    Destination Clock Delay (DCD):    1.979ns
    Source Clock Delay      (SCD):    1.467ns
    Clock Pessimism Removal (CPR):    0.512ns

    Location             Delay type                Incr(ns)  Path(ns)    Netlist Resource(s)
  -------------------------------------------------------------------    -------------------
                         (clock sys_clk_pin rise edge)
                                                      0.000     0.000 r  <hidden>
    W5                                                0.000     0.000 r  clk
                         net (fo=0)                   0.000     0.000    clk
    W5                   IBUF (Prop_ibuf_I_O)         0.226     0.226 r  clk_IBUF_inst/O
                         net (fo=1, routed)           0.631     0.858    clk_IBUF
    BUFGCTRL_X0Y0        BUFG (Prop_bufg_I_O)         0.026     0.884 r  clk_IBUF_BUFG_inst/O
                         net (fo=109, routed)         0.584     1.467    DBU/clk_IBUF_BUFG
    SLICE_X60Y21         FDRE                                         r  DBU/ff3_reg/C
  -------------------------------------------------------------------    -------------------
    SLICE_X60Y21         FDRE (Prop_fdre_C_Q)         0.148     1.615 r  DBU/ff3_reg/Q
                         net (fo=2, routed)           0.074     1.689    DBU/ff3
    SLICE_X60Y21         LUT4 (Prop_lut4_I1_O)        0.098     1.787 r  DBU/stable_i_1/O
                         net (fo=1, routed)           0.000     1.787    DBU/stable_i_1_n_0
    SLICE_X60Y21         FDRE                                         r  DBU/stable_reg/D
  -------------------------------------------------------------------    -------------------

                         (clock sys_clk_pin rise edge)
                                                      0.000     0.000 r  <hidden>
    W5                                                0.000     0.000 r  clk
                         net (fo=0)                   0.000     0.000    clk
    W5                   IBUF (Prop_ibuf_I_O)         0.414     0.414 r  clk_IBUF_inst/O
                         net (fo=1, routed)           0.685     1.099    clk_IBUF
    BUFGCTRL_X0Y0        BUFG (Prop_bufg_I_O)         0.029     1.128 r  clk_IBUF_BUFG_inst/O
                         net (fo=109, routed)         0.852     1.979    DBU/clk_IBUF_BUFG
    SLICE_X60Y21         FDRE                                         r  DBU/stable_reg/C
                         clock pessimism             -0.512     1.467    <hidden>
    SLICE_X60Y21         FDRE (Hold_fdre_C_D)         0.120     1.587    DBU/stable_reg
  -------------------------------------------------------------------
                         required time                         -1.587    <hidden>
                         arrival time                           1.787    <hidden>
  -------------------------------------------------------------------
                         slack                                  0.200    <hidden>

Slack (MET) :             0.205ns  (arrival time - required time)
  Source:                 DBD/ff3_reg/C
                            (rising edge-triggered cell FDRE clocked by sys_clk_pin  {rise@0.000ns fall@5.000ns period=10.000ns})
  Destination:            DBD/stable_reg/D
                            (rising edge-triggered cell FDRE clocked by sys_clk_pin  {rise@0.000ns fall@5.000ns period=10.000ns})
  Path Group:             sys_clk_pin
  Path Type:              Hold (Min at Fast Process Corner)
  Requirement:            0.000ns  (sys_clk_pin rise@0.000ns - sys_clk_pin rise@0.000ns)
  Data Path Delay:        0.296ns  (logic 0.227ns (76.736%)  route 0.069ns (23.264%))
  Logic Levels:           1  (LUT4=1)
  Clock Path Skew:        0.000ns (DCD - SCD - CPR)
    Destination Clock Delay (DCD):    1.982ns
    Source Clock Delay      (SCD):    1.470ns
    Clock Pessimism Removal (CPR):    0.512ns

    Location             Delay type                Incr(ns)  Path(ns)    Netlist Resource(s)
  -------------------------------------------------------------------    -------------------
                         (clock sys_clk_pin rise edge)
                                                      0.000     0.000 r  <hidden>
    W5                                                0.000     0.000 r  clk
                         net (fo=0)                   0.000     0.000    clk
    W5                   IBUF (Prop_ibuf_I_O)         0.226     0.226 r  clk_IBUF_inst/O
                         net (fo=1, routed)           0.631     0.858    clk_IBUF
    BUFGCTRL_X0Y0        BUFG (Prop_bufg_I_O)         0.026     0.884 r  clk_IBUF_BUFG_inst/O
                         net (fo=109, routed)         0.587     1.470    DBD/clk_IBUF_BUFG
    SLICE_X59Y18         FDRE                                         r  DBD/ff3_reg/C
  -------------------------------------------------------------------    -------------------
    SLICE_X59Y18         FDRE (Prop_fdre_C_Q)         0.128     1.598 r  DBD/ff3_reg/Q
                         net (fo=2, routed)           0.069     1.667    DBD/ff3_reg_n_0
    SLICE_X59Y18         LUT4 (Prop_lut4_I1_O)        0.099     1.766 r  DBD/stable_i_1__0/O
                         net (fo=1, routed)           0.000     1.766    DBD/stable_i_1__0_n_0
    SLICE_X59Y18         FDRE                                         r  DBD/stable_reg/D
  -------------------------------------------------------------------    -------------------

                         (clock sys_clk_pin rise edge)
                                                      0.000     0.000 r  <hidden>
    W5                                                0.000     0.000 r  clk
                         net (fo=0)                   0.000     0.000    clk
    W5                   IBUF (Prop_ibuf_I_O)         0.414     0.414 r  clk_IBUF_inst/O
                         net (fo=1, routed)           0.685     1.099    clk_IBUF
    BUFGCTRL_X0Y0        BUFG (Prop_bufg_I_O)         0.029     1.128 r  clk_IBUF_BUFG_inst/O
                         net (fo=109, routed)         0.855     1.982    DBD/clk_IBUF_BUFG
    SLICE_X59Y18         FDRE                                         r  DBD/stable_reg/C
                         clock pessimism             -0.512     1.470    <hidden>
    SLICE_X59Y18         FDRE (Hold_fdre_C_D)         0.091     1.561    DBD/stable_reg
  -------------------------------------------------------------------
                         required time                         -1.561    <hidden>
                         arrival time                           1.766    <hidden>
  -------------------------------------------------------------------
                         slack                                  0.205    <hidden>

Slack (MET) :             0.212ns  (arrival time - required time)
  Source:                 DBC/ff3_reg/C
                            (rising edge-triggered cell FDRE clocked by sys_clk_pin  {rise@0.000ns fall@5.000ns period=10.000ns})
  Destination:            DBC/stable_reg/D
                            (rising edge-triggered cell FDRE clocked by sys_clk_pin  {rise@0.000ns fall@5.000ns period=10.000ns})
  Path Group:             sys_clk_pin
  Path Type:              Hold (Min at Fast Process Corner)
  Requirement:            0.000ns  (sys_clk_pin rise@0.000ns - sys_clk_pin rise@0.000ns)
  Data Path Delay:        0.303ns  (logic 0.227ns (74.868%)  route 0.076ns (25.132%))
  Logic Levels:           1  (LUT4=1)
  Clock Path Skew:        0.000ns (DCD - SCD - CPR)
    Destination Clock Delay (DCD):    1.978ns
    Source Clock Delay      (SCD):    1.466ns
    Clock Pessimism Removal (CPR):    0.512ns

    Location             Delay type                Incr(ns)  Path(ns)    Netlist Resource(s)
  -------------------------------------------------------------------    -------------------
                         (clock sys_clk_pin rise edge)
                                                      0.000     0.000 r  <hidden>
    W5                                                0.000     0.000 r  clk
                         net (fo=0)                   0.000     0.000    clk
    W5                   IBUF (Prop_ibuf_I_O)         0.226     0.226 r  clk_IBUF_inst/O
                         net (fo=1, routed)           0.631     0.858    clk_IBUF
    BUFGCTRL_X0Y0        BUFG (Prop_bufg_I_O)         0.026     0.884 r  clk_IBUF_BUFG_inst/O
                         net (fo=109, routed)         0.583     1.466    DBC/clk_IBUF_BUFG
    SLICE_X62Y23         FDRE                                         r  DBC/ff3_reg/C
  -------------------------------------------------------------------    -------------------
    SLICE_X62Y23         FDRE (Prop_fdre_C_Q)         0.128     1.594 r  DBC/ff3_reg/Q
                         net (fo=2, routed)           0.076     1.670    DBC/ff3_reg_n_0
    SLICE_X62Y23         LUT4 (Prop_lut4_I1_O)        0.099     1.769 r  DBC/stable_i_1__1/O
                         net (fo=1, routed)           0.000     1.769    DBC/stable_i_1__1_n_0
    SLICE_X62Y23         FDRE                                         r  DBC/stable_reg/D
  -------------------------------------------------------------------    -------------------

                         (clock sys_clk_pin rise edge)
                                                      0.000     0.000 r  <hidden>
    W5                                                0.000     0.000 r  clk
                         net (fo=0)                   0.000     0.000    clk
    W5                   IBUF (Prop_ibuf_I_O)         0.414     0.414 r  clk_IBUF_inst/O
                         net (fo=1, routed)           0.685     1.099    clk_IBUF
    BUFGCTRL_X0Y0        BUFG (Prop_bufg_I_O)         0.029     1.128 r  clk_IBUF_BUFG_inst/O
                         net (fo=109, routed)         0.851     1.978    DBC/clk_IBUF_BUFG
    SLICE_X62Y23         FDRE                                         r  DBC/stable_reg/C
                         clock pessimism             -0.512     1.466    <hidden>
    SLICE_X62Y23         FDRE (Hold_fdre_C_D)         0.091     1.557    DBC/stable_reg
  -------------------------------------------------------------------
                         required time                         -1.557    <hidden>
                         arrival time                           1.769    <hidden>
  -------------------------------------------------------------------
                         slack                                  0.212    <hidden>

Slack (MET) :             0.237ns  (arrival time - required time)
  Source:                 CNT1/cnt_reg[4]/C
                            (rising edge-triggered cell FDRE clocked by sys_clk_pin  {rise@0.000ns fall@5.000ns period=10.000ns})
  Destination:            CNT1/cnt_reg[5]/D
                            (rising edge-triggered cell FDRE clocked by sys_clk_pin  {rise@0.000ns fall@5.000ns period=10.000ns})
  Path Group:             sys_clk_pin
  Path Type:              Hold (Min at Fast Process Corner)
  Requirement:            0.000ns  (sys_clk_pin rise@0.000ns - sys_clk_pin rise@0.000ns)
  Data Path Delay:        0.342ns  (logic 0.265ns (77.380%)  route 0.077ns (22.620%))
  Logic Levels:           1  (CARRY4=1)
  Clock Path Skew:        0.000ns (DCD - SCD - CPR)
    Destination Clock Delay (DCD):    1.980ns
    Source Clock Delay      (SCD):    1.468ns
    Clock Pessimism Removal (CPR):    0.512ns

    Location             Delay type                Incr(ns)  Path(ns)    Netlist Resource(s)
  -------------------------------------------------------------------    -------------------
                         (clock sys_clk_pin rise edge)
                                                      0.000     0.000 r  <hidden>
    W5                                                0.000     0.000 r  clk
                         net (fo=0)                   0.000     0.000    clk
    W5                   IBUF (Prop_ibuf_I_O)         0.226     0.226 r  clk_IBUF_inst/O
                         net (fo=1, routed)           0.631     0.858    clk_IBUF
    BUFGCTRL_X0Y0        BUFG (Prop_bufg_I_O)         0.026     0.884 r  clk_IBUF_BUFG_inst/O
                         net (fo=109, routed)         0.585     1.468    CNT1/clk_IBUF_BUFG
    SLICE_X58Y20         FDRE                                         r  CNT1/cnt_reg[4]/C
  -------------------------------------------------------------------    -------------------
    SLICE_X58Y20         FDRE (Prop_fdre_C_Q)         0.141     1.609 r  CNT1/cnt_reg[4]/Q
                         net (fo=3, routed)           0.077     1.687    EDD/cnt_reg[4]
    SLICE_X58Y20         CARRY4 (Prop_carry4_DI[0]_O[1])
                                                      0.124     1.811 r  EDD/cnt_reg[4]_i_1__2/O[1]
                         net (fo=1, routed)           0.000     1.811    CNT1/cnt_reg[7]_0[1]
    SLICE_X58Y20         FDRE                                         r  CNT1/cnt_reg[5]/D
  -------------------------------------------------------------------    -------------------

                         (clock sys_clk_pin rise edge)
                                                      0.000     0.000 r  <hidden>
    W5                                                0.000     0.000 r  clk
                         net (fo=0)                   0.000     0.000    clk
    W5                   IBUF (Prop_ibuf_I_O)         0.414     0.414 r  clk_IBUF_inst/O
                         net (fo=1, routed)           0.685     1.099    clk_IBUF
    BUFGCTRL_X0Y0        BUFG (Prop_bufg_I_O)         0.029     1.128 r  clk_IBUF_BUFG_inst/O
                         net (fo=109, routed)         0.853     1.980    CNT1/clk_IBUF_BUFG
    SLICE_X58Y20         FDRE                                         r  CNT1/cnt_reg[5]/C
                         clock pessimism             -0.512     1.468    <hidden>
    SLICE_X58Y20         FDRE (Hold_fdre_C_D)         0.105     1.573    CNT1/cnt_reg[5]
  -------------------------------------------------------------------
                         required time                         -1.573    <hidden>
                         arrival time                           1.811    <hidden>
  -------------------------------------------------------------------
                         slack                                  0.237    <hidden>

Slack (MET) :             0.244ns  (arrival time - required time)
  Source:                 CNT1/cnt_reg[6]/C
                            (rising edge-triggered cell FDRE clocked by sys_clk_pin  {rise@0.000ns fall@5.000ns period=10.000ns})
  Destination:            CNT1/cnt_reg[7]/D
                            (rising edge-triggered cell FDRE clocked by sys_clk_pin  {rise@0.000ns fall@5.000ns period=10.000ns})
  Path Group:             sys_clk_pin
  Path Type:              Hold (Min at Fast Process Corner)
  Requirement:            0.000ns  (sys_clk_pin rise@0.000ns - sys_clk_pin rise@0.000ns)
  Data Path Delay:        0.349ns  (logic 0.268ns (76.800%)  route 0.081ns (23.200%))
  Logic Levels:           1  (CARRY4=1)
  Clock Path Skew:        0.000ns (DCD - SCD - CPR)
    Destination Clock Delay (DCD):    1.980ns
    Source Clock Delay      (SCD):    1.468ns
    Clock Pessimism Removal (CPR):    0.512ns

    Location             Delay type                Incr(ns)  Path(ns)    Netlist Resource(s)
  -------------------------------------------------------------------    -------------------
                         (clock sys_clk_pin rise edge)
                                                      0.000     0.000 r  <hidden>
    W5                                                0.000     0.000 r  clk
                         net (fo=0)                   0.000     0.000    clk
    W5                   IBUF (Prop_ibuf_I_O)         0.226     0.226 r  clk_IBUF_inst/O
                         net (fo=1, routed)           0.631     0.858    clk_IBUF
    BUFGCTRL_X0Y0        BUFG (Prop_bufg_I_O)         0.026     0.884 r  clk_IBUF_BUFG_inst/O
                         net (fo=109, routed)         0.585     1.468    CNT1/clk_IBUF_BUFG
    SLICE_X58Y20         FDRE                                         r  CNT1/cnt_reg[6]/C
  -------------------------------------------------------------------    -------------------
    SLICE_X58Y20         FDRE (Prop_fdre_C_Q)         0.141     1.609 r  CNT1/cnt_reg[6]/Q
                         net (fo=3, routed)           0.081     1.690    EDD/cnt_reg[6]
    SLICE_X58Y20         CARRY4 (Prop_carry4_DI[2]_O[3])
                                                      0.127     1.817 r  EDD/cnt_reg[4]_i_1__2/O[3]
                         net (fo=1, routed)           0.000     1.817    CNT1/cnt_reg[7]_0[3]
    SLICE_X58Y20         FDRE                                         r  CNT1/cnt_reg[7]/D
  -------------------------------------------------------------------    -------------------

                         (clock sys_clk_pin rise edge)
                                                      0.000     0.000 r  <hidden>
    W5                                                0.000     0.000 r  clk
                         net (fo=0)                   0.000     0.000    clk
    W5                   IBUF (Prop_ibuf_I_O)         0.414     0.414 r  clk_IBUF_inst/O
                         net (fo=1, routed)           0.685     1.099    clk_IBUF
    BUFGCTRL_X0Y0        BUFG (Prop_bufg_I_O)         0.029     1.128 r  clk_IBUF_BUFG_inst/O
                         net (fo=109, routed)         0.853     1.980    CNT1/clk_IBUF_BUFG
    SLICE_X58Y20         FDRE                                         r  CNT1/cnt_reg[7]/C
                         clock pessimism             -0.512     1.468    <hidden>
    SLICE_X58Y20         FDRE (Hold_fdre_C_D)         0.105     1.573    CNT1/cnt_reg[7]
  -------------------------------------------------------------------
                         required time                         -1.573    <hidden>
                         arrival time                           1.817    <hidden>
  -------------------------------------------------------------------
                         slack                                  0.244    <hidden>

Slack (MET) :             0.245ns  (arrival time - required time)
  Source:                 CNT1/cnt_reg[10]/C
                            (rising edge-triggered cell FDRE clocked by sys_clk_pin  {rise@0.000ns fall@5.000ns period=10.000ns})
  Destination:            CNT1/cnt_reg[11]/D
                            (rising edge-triggered cell FDRE clocked by sys_clk_pin  {rise@0.000ns fall@5.000ns period=10.000ns})
  Path Group:             sys_clk_pin
  Path Type:              Hold (Min at Fast Process Corner)
  Requirement:            0.000ns  (sys_clk_pin rise@0.000ns - sys_clk_pin rise@0.000ns)
  Data Path Delay:        0.350ns  (logic 0.268ns (76.574%)  route 0.082ns (23.426%))
  Logic Levels:           1  (CARRY4=1)
  Clock Path Skew:        0.000ns (DCD - SCD - CPR)
    Destination Clock Delay (DCD):    1.979ns
    Source Clock Delay      (SCD):    1.467ns
    Clock Pessimism Removal (CPR):    0.512ns

    Location             Delay type                Incr(ns)  Path(ns)    Netlist Resource(s)
  -------------------------------------------------------------------    -------------------
                         (clock sys_clk_pin rise edge)
                                                      0.000     0.000 r  <hidden>
    W5                                                0.000     0.000 r  clk
                         net (fo=0)                   0.000     0.000    clk
    W5                   IBUF (Prop_ibuf_I_O)         0.226     0.226 r  clk_IBUF_inst/O
                         net (fo=1, routed)           0.631     0.858    clk_IBUF
    BUFGCTRL_X0Y0        BUFG (Prop_bufg_I_O)         0.026     0.884 r  clk_IBUF_BUFG_inst/O
                         net (fo=109, routed)         0.584     1.467    CNT1/clk_IBUF_BUFG
    SLICE_X58Y21         FDRE                                         r  CNT1/cnt_reg[10]/C
  -------------------------------------------------------------------    -------------------
    SLICE_X58Y21         FDRE (Prop_fdre_C_Q)         0.141     1.608 r  CNT1/cnt_reg[10]/Q
                         net (fo=3, routed)           0.082     1.690    EDD/cnt_reg[10]
    SLICE_X58Y21         CARRY4 (Prop_carry4_DI[2]_O[3])
                                                      0.127     1.817 r  EDD/cnt_reg[8]_i_1__2/O[3]
                         net (fo=1, routed)           0.000     1.817    CNT1/cnt_reg[11]_0[3]
    SLICE_X58Y21         FDRE                                         r  CNT1/cnt_reg[11]/D
  -------------------------------------------------------------------    -------------------

                         (clock sys_clk_pin rise edge)
                                                      0.000     0.000 r  <hidden>
    W5                                                0.000     0.000 r  clk
                         net (fo=0)                   0.000     0.000    clk
    W5                   IBUF (Prop_ibuf_I_O)         0.414     0.414 r  clk_IBUF_inst/O
                         net (fo=1, routed)           0.685     1.099    clk_IBUF
    BUFGCTRL_X0Y0        BUFG (Prop_bufg_I_O)         0.029     1.128 r  clk_IBUF_BUFG_inst/O
                         net (fo=109, routed)         0.852     1.979    CNT1/clk_IBUF_BUFG
    SLICE_X58Y21         FDRE                                         r  CNT1/cnt_reg[11]/C
                         clock pessimism             -0.512     1.467    <hidden>
    SLICE_X58Y21         FDRE (Hold_fdre_C_D)         0.105     1.572    CNT1/cnt_reg[11]
  -------------------------------------------------------------------
                         required time                         -1.572    <hidden>
                         arrival time                           1.817    <hidden>
  -------------------------------------------------------------------
                         slack                                  0.245    <hidden>

Slack (MET) :             0.245ns  (arrival time - required time)
  Source:                 CNT1/cnt_reg[2]/C
                            (rising edge-triggered cell FDRE clocked by sys_clk_pin  {rise@0.000ns fall@5.000ns period=10.000ns})
  Destination:            CNT1/cnt_reg[3]/D
                            (rising edge-triggered cell FDRE clocked by sys_clk_pin  {rise@0.000ns fall@5.000ns period=10.000ns})
  Path Group:             sys_clk_pin
  Path Type:              Hold (Min at Fast Process Corner)
  Requirement:            0.000ns  (sys_clk_pin rise@0.000ns - sys_clk_pin rise@0.000ns)
  Data Path Delay:        0.350ns  (logic 0.268ns (76.574%)  route 0.082ns (23.426%))
  Logic Levels:           1  (CARRY4=1)
  Clock Path Skew:        0.000ns (DCD - SCD - CPR)
    Destination Clock Delay (DCD):    1.981ns
    Source Clock Delay      (SCD):    1.469ns
    Clock Pessimism Removal (CPR):    0.512ns

    Location             Delay type                Incr(ns)  Path(ns)    Netlist Resource(s)
  -------------------------------------------------------------------    -------------------
                         (clock sys_clk_pin rise edge)
                                                      0.000     0.000 r  <hidden>
    W5                                                0.000     0.000 r  clk
                         net (fo=0)                   0.000     0.000    clk
    W5                   IBUF (Prop_ibuf_I_O)         0.226     0.226 r  clk_IBUF_inst/O
                         net (fo=1, routed)           0.631     0.858    clk_IBUF
    BUFGCTRL_X0Y0        BUFG (Prop_bufg_I_O)         0.026     0.884 r  clk_IBUF_BUFG_inst/O
                         net (fo=109, routed)         0.586     1.469    CNT1/clk_IBUF_BUFG
    SLICE_X58Y19         FDRE                                         r  CNT1/cnt_reg[2]/C
  -------------------------------------------------------------------    -------------------
    SLICE_X58Y19         FDRE (Prop_fdre_C_Q)         0.141     1.610 r  CNT1/cnt_reg[2]/Q
                         net (fo=3, routed)           0.082     1.692    EDD/cnt_reg[2]
    SLICE_X58Y19         CARRY4 (Prop_carry4_DI[2]_O[3])
                                                      0.127     1.819 r  EDD/cnt_reg[0]_i_2__2/O[3]
                         net (fo=1, routed)           0.000     1.819    CNT1/O[3]
    SLICE_X58Y19         FDRE                                         r  CNT1/cnt_reg[3]/D
  -------------------------------------------------------------------    -------------------

                         (clock sys_clk_pin rise edge)
                                                      0.000     0.000 r  <hidden>
    W5                                                0.000     0.000 r  clk
                         net (fo=0)                   0.000     0.000    clk
    W5                   IBUF (Prop_ibuf_I_O)         0.414     0.414 r  clk_IBUF_inst/O
                         net (fo=1, routed)           0.685     1.099    clk_IBUF
    BUFGCTRL_X0Y0        BUFG (Prop_bufg_I_O)         0.029     1.128 r  clk_IBUF_BUFG_inst/O
                         net (fo=109, routed)         0.854     1.981    CNT1/clk_IBUF_BUFG
    SLICE_X58Y19         FDRE                                         r  CNT1/cnt_reg[3]/C
                         clock pessimism             -0.512     1.469    <hidden>
    SLICE_X58Y19         FDRE (Hold_fdre_C_D)         0.105     1.574    CNT1/cnt_reg[3]
  -------------------------------------------------------------------
                         required time                         -1.574    <hidden>
                         arrival time                           1.819    <hidden>
  -------------------------------------------------------------------
                         slack                                  0.245    <hidden>

Slack (MET) :             0.245ns  (arrival time - required time)
  Source:                 CNT1/cnt_reg[14]/C
                            (rising edge-triggered cell FDRE clocked by sys_clk_pin  {rise@0.000ns fall@5.000ns period=10.000ns})
  Destination:            CNT1/cnt_reg[15]/D
                            (rising edge-triggered cell FDRE clocked by sys_clk_pin  {rise@0.000ns fall@5.000ns period=10.000ns})
  Path Group:             sys_clk_pin
  Path Type:              Hold (Min at Fast Process Corner)
  Requirement:            0.000ns  (sys_clk_pin rise@0.000ns - sys_clk_pin rise@0.000ns)
  Data Path Delay:        0.350ns  (logic 0.268ns (76.560%)  route 0.082ns (23.440%))
  Logic Levels:           1  (CARRY4=1)
  Clock Path Skew:        0.000ns (DCD - SCD - CPR)
    Destination Clock Delay (DCD):    1.978ns
    Source Clock Delay      (SCD):    1.467ns
    Clock Pessimism Removal (CPR):    0.511ns

    Location             Delay type                Incr(ns)  Path(ns)    Netlist Resource(s)
  -------------------------------------------------------------------    -------------------
                         (clock sys_clk_pin rise edge)
                                                      0.000     0.000 r  <hidden>
    W5                                                0.000     0.000 r  clk
                         net (fo=0)                   0.000     0.000    clk
    W5                   IBUF (Prop_ibuf_I_O)         0.226     0.226 r  clk_IBUF_inst/O
                         net (fo=1, routed)           0.631     0.858    clk_IBUF
    BUFGCTRL_X0Y0        BUFG (Prop_bufg_I_O)         0.026     0.884 r  clk_IBUF_BUFG_inst/O
                         net (fo=109, routed)         0.584     1.467    CNT1/clk_IBUF_BUFG
    SLICE_X58Y22         FDRE                                         r  CNT1/cnt_reg[14]/C
  -------------------------------------------------------------------    -------------------
    SLICE_X58Y22         FDRE (Prop_fdre_C_Q)         0.141     1.608 r  CNT1/cnt_reg[14]/Q
                         net (fo=3, routed)           0.082     1.690    EDD/cnt_reg[14]
    SLICE_X58Y22         CARRY4 (Prop_carry4_DI[2]_O[3])
                                                      0.127     1.817 r  EDD/cnt_reg[12]_i_1__2/O[3]
                         net (fo=1, routed)           0.000     1.817    CNT1/cnt_reg[15]_1[3]
    SLICE_X58Y22         FDRE                                         r  CNT1/cnt_reg[15]/D
  -------------------------------------------------------------------    -------------------

                         (clock sys_clk_pin rise edge)
                                                      0.000     0.000 r  <hidden>
    W5                                                0.000     0.000 r  clk
                         net (fo=0)                   0.000     0.000    clk
    W5                   IBUF (Prop_ibuf_I_O)         0.414     0.414 r  clk_IBUF_inst/O
                         net (fo=1, routed)           0.685     1.099    clk_IBUF
    BUFGCTRL_X0Y0        BUFG (Prop_bufg_I_O)         0.029     1.128 r  clk_IBUF_BUFG_inst/O
                         net (fo=109, routed)         0.851     1.978    CNT1/clk_IBUF_BUFG
    SLICE_X58Y22         FDRE                                         r  CNT1/cnt_reg[15]/C
                         clock pessimism             -0.511     1.467    <hidden>
    SLICE_X58Y22         FDRE (Hold_fdre_C_D)         0.105     1.572    CNT1/cnt_reg[15]
  -------------------------------------------------------------------
                         required time                         -1.572    <hidden>
                         arrival time                           1.817    <hidden>
  -------------------------------------------------------------------
                         slack                                  0.245    <hidden>

Slack (MET) :             0.245ns  (arrival time - required time)
  Source:                 DBD/ff2_reg/C
                            (rising edge-triggered cell FDRE clocked by sys_clk_pin  {rise@0.000ns fall@5.000ns period=10.000ns})
  Destination:            DBD/ff3_reg/D
                            (rising edge-triggered cell FDRE clocked by sys_clk_pin  {rise@0.000ns fall@5.000ns period=10.000ns})
  Path Group:             sys_clk_pin
  Path Type:              Hold (Min at Fast Process Corner)
  Requirement:            0.000ns  (sys_clk_pin rise@0.000ns - sys_clk_pin rise@0.000ns)
  Data Path Delay:        0.331ns  (logic 0.141ns (42.551%)  route 0.190ns (57.449%))
  Logic Levels:           0  
  Clock Path Skew:        0.011ns (DCD - SCD - CPR)
    Destination Clock Delay (DCD):    1.982ns
    Source Clock Delay      (SCD):    1.473ns
    Clock Pessimism Removal (CPR):    0.498ns

    Location             Delay type                Incr(ns)  Path(ns)    Netlist Resource(s)
  -------------------------------------------------------------------    -------------------
                         (clock sys_clk_pin rise edge)
                                                      0.000     0.000 r  <hidden>
    W5                                                0.000     0.000 r  clk
                         net (fo=0)                   0.000     0.000    clk
    W5                   IBUF (Prop_ibuf_I_O)         0.226     0.226 r  clk_IBUF_inst/O
                         net (fo=1, routed)           0.631     0.858    clk_IBUF
    BUFGCTRL_X0Y0        BUFG (Prop_bufg_I_O)         0.026     0.884 r  clk_IBUF_BUFG_inst/O
                         net (fo=109, routed)         0.590     1.473    DBD/clk_IBUF_BUFG
    SLICE_X58Y15         FDRE                                         r  DBD/ff2_reg/C
  -------------------------------------------------------------------    -------------------
    SLICE_X58Y15         FDRE (Prop_fdre_C_Q)         0.141     1.614 r  DBD/ff2_reg/Q
                         net (fo=3, routed)           0.190     1.804    DBD/ff2_reg_n_0
    SLICE_X59Y18         FDRE                                         r  DBD/ff3_reg/D
  -------------------------------------------------------------------    -------------------

                         (clock sys_clk_pin rise edge)
                                                      0.000     0.000 r  <hidden>
    W5                                                0.000     0.000 r  clk
                         net (fo=0)                   0.000     0.000    clk
    W5                   IBUF (Prop_ibuf_I_O)         0.414     0.414 r  clk_IBUF_inst/O
                         net (fo=1, routed)           0.685     1.099    clk_IBUF
    BUFGCTRL_X0Y0        BUFG (Prop_bufg_I_O)         0.029     1.128 r  clk_IBUF_BUFG_inst/O
                         net (fo=109, routed)         0.855     1.982    DBD/clk_IBUF_BUFG
    SLICE_X59Y18         FDRE                                         r  DBD/ff3_reg/C
                         clock pessimism             -0.498     1.484    <hidden>
    SLICE_X59Y18         FDRE (Hold_fdre_C_D)         0.075     1.559    DBD/ff3_reg
  -------------------------------------------------------------------
                         required time                         -1.559    <hidden>
                         arrival time                           1.804    <hidden>
  -------------------------------------------------------------------
                         slack                                  0.245    <hidden>

Slack (MET) :             0.248ns  (arrival time - required time)
  Source:                 CNT1/cnt_reg[8]/C
                            (rising edge-triggered cell FDRE clocked by sys_clk_pin  {rise@0.000ns fall@5.000ns period=10.000ns})
  Destination:            CNT1/cnt_reg[9]/D
                            (rising edge-triggered cell FDRE clocked by sys_clk_pin  {rise@0.000ns fall@5.000ns period=10.000ns})
  Path Group:             sys_clk_pin
  Path Type:              Hold (Min at Fast Process Corner)
  Requirement:            0.000ns  (sys_clk_pin rise@0.000ns - sys_clk_pin rise@0.000ns)
  Data Path Delay:        0.353ns  (logic 0.265ns (75.169%)  route 0.088ns (24.831%))
  Logic Levels:           1  (CARRY4=1)
  Clock Path Skew:        0.000ns (DCD - SCD - CPR)
    Destination Clock Delay (DCD):    1.979ns
    Source Clock Delay      (SCD):    1.467ns
    Clock Pessimism Removal (CPR):    0.512ns

    Location             Delay type                Incr(ns)  Path(ns)    Netlist Resource(s)
  -------------------------------------------------------------------    -------------------
                         (clock sys_clk_pin rise edge)
                                                      0.000     0.000 r  <hidden>
    W5                                                0.000     0.000 r  clk
                         net (fo=0)                   0.000     0.000    clk
    W5                   IBUF (Prop_ibuf_I_O)         0.226     0.226 r  clk_IBUF_inst/O
                         net (fo=1, routed)           0.631     0.858    clk_IBUF
    BUFGCTRL_X0Y0        BUFG (Prop_bufg_I_O)         0.026     0.884 r  clk_IBUF_BUFG_inst/O
                         net (fo=109, routed)         0.584     1.467    CNT1/clk_IBUF_BUFG
    SLICE_X58Y21         FDRE                                         r  CNT1/cnt_reg[8]/C
  -------------------------------------------------------------------    -------------------
    SLICE_X58Y21         FDRE (Prop_fdre_C_Q)         0.141     1.608 r  CNT1/cnt_reg[8]/Q
                         net (fo=3, routed)           0.088     1.696    EDD/cnt_reg[8]
    SLICE_X58Y21         CARRY4 (Prop_carry4_DI[0]_O[1])
                                                      0.124     1.820 r  EDD/cnt_reg[8]_i_1__2/O[1]
                         net (fo=1, routed)           0.000     1.820    CNT1/cnt_reg[11]_0[1]
    SLICE_X58Y21         FDRE                                         r  CNT1/cnt_reg[9]/D
  -------------------------------------------------------------------    -------------------

                         (clock sys_clk_pin rise edge)
                                                      0.000     0.000 r  <hidden>
    W5                                                0.000     0.000 r  clk
                         net (fo=0)                   0.000     0.000    clk
    W5                   IBUF (Prop_ibuf_I_O)         0.414     0.414 r  clk_IBUF_inst/O
                         net (fo=1, routed)           0.685     1.099    clk_IBUF
    BUFGCTRL_X0Y0        BUFG (Prop_bufg_I_O)         0.029     1.128 r  clk_IBUF_BUFG_inst/O
                         net (fo=109, routed)         0.852     1.979    CNT1/clk_IBUF_BUFG
    SLICE_X58Y21         FDRE                                         r  CNT1/cnt_reg[9]/C
                         clock pessimism             -0.512     1.467    <hidden>
    SLICE_X58Y21         FDRE (Hold_fdre_C_D)         0.105     1.572    CNT1/cnt_reg[9]
  -------------------------------------------------------------------
                         required time                         -1.572    <hidden>
                         arrival time                           1.820    <hidden>
  -------------------------------------------------------------------
                         slack                                  0.248    <hidden>





Pulse Width Checks
--------------------------------------------------------------------------------------
Clock Name:         sys_clk_pin
Waveform(ns):       { 0.000 5.000 }
Period(ns):         10.000
Sources:            { clk }

Check Type        Corner  Lib Pin  Reference Pin  Required(ns)  Actual(ns)  Slack(ns)  Location       Pin
Min Period        n/a     BUFG/I   n/a            2.155         10.000      7.845      BUFGCTRL_X0Y0  clk_IBUF_BUFG_inst/I
Min Period        n/a     FDRE/C   n/a            1.000         10.000      9.000      SLICE_X58Y19   CNT1/cnt_reg[0]/C
Min Period        n/a     FDRE/C   n/a            1.000         10.000      9.000      SLICE_X58Y21   CNT1/cnt_reg[10]/C
Min Period        n/a     FDRE/C   n/a            1.000         10.000      9.000      SLICE_X58Y21   CNT1/cnt_reg[11]/C
Min Period        n/a     FDRE/C   n/a            1.000         10.000      9.000      SLICE_X58Y22   CNT1/cnt_reg[12]/C
Min Period        n/a     FDRE/C   n/a            1.000         10.000      9.000      SLICE_X58Y22   CNT1/cnt_reg[13]/C
Min Period        n/a     FDRE/C   n/a            1.000         10.000      9.000      SLICE_X58Y22   CNT1/cnt_reg[14]/C
Min Period        n/a     FDRE/C   n/a            1.000         10.000      9.000      SLICE_X58Y22   CNT1/cnt_reg[15]/C
Min Period        n/a     FDRE/C   n/a            1.000         10.000      9.000      SLICE_X58Y19   CNT1/cnt_reg[1]/C
Min Period        n/a     FDRE/C   n/a            1.000         10.000      9.000      SLICE_X58Y19   CNT1/cnt_reg[2]/C
Low Pulse Width   Slow    FDRE/C   n/a            0.500         5.000       4.500      SLICE_X58Y19   CNT1/cnt_reg[0]/C
Low Pulse Width   Fast    FDRE/C   n/a            0.500         5.000       4.500      SLICE_X58Y19   CNT1/cnt_reg[0]/C
Low Pulse Width   Slow    FDRE/C   n/a            0.500         5.000       4.500      SLICE_X58Y21   CNT1/cnt_reg[10]/C
Low Pulse Width   Fast    FDRE/C   n/a            0.500         5.000       4.500      SLICE_X58Y21   CNT1/cnt_reg[10]/C
Low Pulse Width   Slow    FDRE/C   n/a            0.500         5.000       4.500      SLICE_X58Y21   CNT1/cnt_reg[11]/C
Low Pulse Width   Fast    FDRE/C   n/a            0.500         5.000       4.500      SLICE_X58Y21   CNT1/cnt_reg[11]/C
Low Pulse Width   Slow    FDRE/C   n/a            0.500         5.000       4.500      SLICE_X58Y22   CNT1/cnt_reg[12]/C
Low Pulse Width   Fast    FDRE/C   n/a            0.500         5.000       4.500      SLICE_X58Y22   CNT1/cnt_reg[12]/C
Low Pulse Width   Slow    FDRE/C   n/a            0.500         5.000       4.500      SLICE_X58Y22   CNT1/cnt_reg[13]/C
Low Pulse Width   Fast    FDRE/C   n/a            0.500         5.000       4.500      SLICE_X58Y22   CNT1/cnt_reg[13]/C
High Pulse Width  Slow    FDRE/C   n/a            0.500         5.000       4.500      SLICE_X58Y19   CNT1/cnt_reg[0]/C
High Pulse Width  Fast    FDRE/C   n/a            0.500         5.000       4.500      SLICE_X58Y19   CNT1/cnt_reg[0]/C
High Pulse Width  Slow    FDRE/C   n/a            0.500         5.000       4.500      SLICE_X58Y21   CNT1/cnt_reg[10]/C
High Pulse Width  Fast    FDRE/C   n/a            0.500         5.000       4.500      SLICE_X58Y21   CNT1/cnt_reg[10]/C
High Pulse Width  Slow    FDRE/C   n/a            0.500         5.000       4.500      SLICE_X58Y21   CNT1/cnt_reg[11]/C
High Pulse Width  Fast    FDRE/C   n/a            0.500         5.000       4.500      SLICE_X58Y21   CNT1/cnt_reg[11]/C
High Pulse Width  Slow    FDRE/C   n/a            0.500         5.000       4.500      SLICE_X58Y22   CNT1/cnt_reg[12]/C
High Pulse Width  Fast    FDRE/C   n/a            0.500         5.000       4.500      SLICE_X58Y22   CNT1/cnt_reg[12]/C
High Pulse Width  Slow    FDRE/C   n/a            0.500         5.000       4.500      SLICE_X58Y22   CNT1/cnt_reg[13]/C
High Pulse Width  Fast    FDRE/C   n/a            0.500         5.000       4.500      SLICE_X58Y22   CNT1/cnt_reg[13]/C



--------------------------------------------------------------------------------------
Path Group:  (none)
From Clock:  sys_clk_pin
  To Clock:  

Max Delay            11 Endpoints
Min Delay            11 Endpoints
--------------------------------------------------------------------------------------


Max Delay Paths
--------------------------------------------------------------------------------------
Slack:                    inf
  Source:                 DRV/digit_idx_reg[0]/C
                            (rising edge-triggered cell FDRE clocked by sys_clk_pin  {rise@0.000ns fall@5.000ns period=10.000ns})
  Destination:            seg[0]
                            (output port)
  Path Group:             (none)
  Path Type:              Max at Slow Process Corner
  Data Path Delay:        8.431ns  (logic 4.507ns (53.455%)  route 3.924ns (46.545%))
  Logic Levels:           3  (LUT4=1 LUT6=1 OBUF=1)
  Clock Uncertainty:      0.025ns  ((TSJ^2 + TIJ^2)^1/2 + DJ) / 2 + PE
    Total System Jitter     (TSJ):    0.050ns
    Total Input Jitter      (TIJ):    0.000ns
    Discrete Jitter          (DJ):    0.000ns
    Phase Error              (PE):    0.000ns

    Location             Delay type                Incr(ns)  Path(ns)    Netlist Resource(s)
  -------------------------------------------------------------------    -------------------
                         (clock sys_clk_pin rise edge)
                                                      0.000     0.000 r  <hidden>
    W5                                                0.000     0.000 r  clk
                         net (fo=0)                   0.000     0.000    clk
    W5                   IBUF (Prop_ibuf_I_O)         1.458     1.458 r  clk_IBUF_inst/O
                         net (fo=1, routed)           1.967     3.425    clk_IBUF
    BUFGCTRL_X0Y0        BUFG (Prop_bufg_I_O)         0.096     3.521 r  clk_IBUF_BUFG_inst/O
                         net (fo=109, routed)         1.625     5.146    DRV/clk_IBUF_BUFG
    SLICE_X60Y19         FDRE                                         r  DRV/digit_idx_reg[0]/C
  -------------------------------------------------------------------    -------------------
    SLICE_X60Y19         FDRE (Prop_fdre_C_Q)         0.518     5.664 r  DRV/digit_idx_reg[0]/Q
                         net (fo=10, routed)          0.850     6.514    CNT1/seg_OBUF[0]_inst_i_1_0
    SLICE_X59Y20         LUT6 (Prop_lut6_I3_O)        0.124     6.638 r  CNT1/seg_OBUF[6]_inst_i_4/O
                         net (fo=7, routed)           1.235     7.874    CNT1/sel0[2]
    SLICE_X59Y22         LUT4 (Prop_lut4_I1_O)        0.152     8.026 r  CNT1/seg_OBUF[0]_inst_i_1/O
                         net (fo=1, routed)           1.839     9.864    seg_OBUF[0]
    W7                   OBUF (Prop_obuf_I_O)         3.713    13.577 r  seg_OBUF[0]_inst/O
                         net (fo=0)                   0.000    13.577    seg[0]
    W7                                                                r  seg[0]
  -------------------------------------------------------------------    -------------------

Slack:                    inf
  Source:                 DRV/digit_idx_reg[0]/C
                            (rising edge-triggered cell FDRE clocked by sys_clk_pin  {rise@0.000ns fall@5.000ns period=10.000ns})
  Destination:            seg[1]
                            (output port)
  Path Group:             (none)
  Path Type:              Max at Slow Process Corner
  Data Path Delay:        8.199ns  (logic 4.295ns (52.386%)  route 3.904ns (47.614%))
  Logic Levels:           3  (LUT4=1 LUT6=1 OBUF=1)
  Clock Uncertainty:      0.025ns  ((TSJ^2 + TIJ^2)^1/2 + DJ) / 2 + PE
    Total System Jitter     (TSJ):    0.050ns
    Total Input Jitter      (TIJ):    0.000ns
    Discrete Jitter          (DJ):    0.000ns
    Phase Error              (PE):    0.000ns

    Location             Delay type                Incr(ns)  Path(ns)    Netlist Resource(s)
  -------------------------------------------------------------------    -------------------
                         (clock sys_clk_pin rise edge)
                                                      0.000     0.000 r  <hidden>
    W5                                                0.000     0.000 r  clk
                         net (fo=0)                   0.000     0.000    clk
    W5                   IBUF (Prop_ibuf_I_O)         1.458     1.458 r  clk_IBUF_inst/O
                         net (fo=1, routed)           1.967     3.425    clk_IBUF
    BUFGCTRL_X0Y0        BUFG (Prop_bufg_I_O)         0.096     3.521 r  clk_IBUF_BUFG_inst/O
                         net (fo=109, routed)         1.625     5.146    DRV/clk_IBUF_BUFG
    SLICE_X60Y19         FDRE                                         r  DRV/digit_idx_reg[0]/C
  -------------------------------------------------------------------    -------------------
    SLICE_X60Y19         FDRE (Prop_fdre_C_Q)         0.518     5.664 r  DRV/digit_idx_reg[0]/Q
                         net (fo=10, routed)          0.850     6.514    CNT1/seg_OBUF[0]_inst_i_1_0
    SLICE_X59Y20         LUT6 (Prop_lut6_I3_O)        0.124     6.638 r  CNT1/seg_OBUF[6]_inst_i_4/O
                         net (fo=7, routed)           1.235     7.874    CNT1/sel0[2]
    SLICE_X59Y22         LUT4 (Prop_lut4_I1_O)        0.124     7.998 r  CNT1/seg_OBUF[1]_inst_i_1/O
                         net (fo=1, routed)           1.819     9.816    seg_OBUF[1]
    W6                   OBUF (Prop_obuf_I_O)         3.529    13.345 r  seg_OBUF[1]_inst/O
                         net (fo=0)                   0.000    13.345    seg[1]
    W6                                                                r  seg[1]
  -------------------------------------------------------------------    -------------------

Slack:                    inf
  Source:                 DRV/digit_idx_reg[0]/C
                            (rising edge-triggered cell FDRE clocked by sys_clk_pin  {rise@0.000ns fall@5.000ns period=10.000ns})
  Destination:            seg[5]
                            (output port)
  Path Group:             (none)
  Path Type:              Max at Slow Process Corner
  Data Path Delay:        8.057ns  (logic 4.504ns (55.904%)  route 3.553ns (44.096%))
  Logic Levels:           3  (LUT4=1 LUT6=1 OBUF=1)
  Clock Uncertainty:      0.025ns  ((TSJ^2 + TIJ^2)^1/2 + DJ) / 2 + PE
    Total System Jitter     (TSJ):    0.050ns
    Total Input Jitter      (TIJ):    0.000ns
    Discrete Jitter          (DJ):    0.000ns
    Phase Error              (PE):    0.000ns

    Location             Delay type                Incr(ns)  Path(ns)    Netlist Resource(s)
  -------------------------------------------------------------------    -------------------
                         (clock sys_clk_pin rise edge)
                                                      0.000     0.000 r  <hidden>
    W5                                                0.000     0.000 r  clk
                         net (fo=0)                   0.000     0.000    clk
    W5                   IBUF (Prop_ibuf_I_O)         1.458     1.458 r  clk_IBUF_inst/O
                         net (fo=1, routed)           1.967     3.425    clk_IBUF
    BUFGCTRL_X0Y0        BUFG (Prop_bufg_I_O)         0.096     3.521 r  clk_IBUF_BUFG_inst/O
                         net (fo=109, routed)         1.625     5.146    DRV/clk_IBUF_BUFG
    SLICE_X60Y19         FDRE                                         r  DRV/digit_idx_reg[0]/C
  -------------------------------------------------------------------    -------------------
    SLICE_X60Y19         FDRE (Prop_fdre_C_Q)         0.518     5.664 r  DRV/digit_idx_reg[0]/Q
                         net (fo=10, routed)          0.850     6.514    CNT1/seg_OBUF[0]_inst_i_1_0
    SLICE_X59Y20         LUT6 (Prop_lut6_I3_O)        0.124     6.638 r  CNT1/seg_OBUF[6]_inst_i_4/O
                         net (fo=7, routed)           0.809     7.447    CNT1/sel0[2]
    SLICE_X59Y21         LUT4 (Prop_lut4_I1_O)        0.150     7.597 r  CNT1/seg_OBUF[5]_inst_i_1/O
                         net (fo=1, routed)           1.894     9.491    seg_OBUF[5]
    V5                   OBUF (Prop_obuf_I_O)         3.712    13.204 r  seg_OBUF[5]_inst/O
                         net (fo=0)                   0.000    13.204    seg[5]
    V5                                                                r  seg[5]
  -------------------------------------------------------------------    -------------------

Slack:                    inf
  Source:                 DRV/digit_idx_reg[0]/C
                            (rising edge-triggered cell FDRE clocked by sys_clk_pin  {rise@0.000ns fall@5.000ns period=10.000ns})
  Destination:            seg[6]
                            (output port)
  Path Group:             (none)
  Path Type:              Max at Slow Process Corner
  Data Path Delay:        7.962ns  (logic 4.297ns (53.974%)  route 3.665ns (46.026%))
  Logic Levels:           3  (LUT4=1 LUT6=1 OBUF=1)
  Clock Uncertainty:      0.025ns  ((TSJ^2 + TIJ^2)^1/2 + DJ) / 2 + PE
    Total System Jitter     (TSJ):    0.050ns
    Total Input Jitter      (TIJ):    0.000ns
    Discrete Jitter          (DJ):    0.000ns
    Phase Error              (PE):    0.000ns

    Location             Delay type                Incr(ns)  Path(ns)    Netlist Resource(s)
  -------------------------------------------------------------------    -------------------
                         (clock sys_clk_pin rise edge)
                                                      0.000     0.000 r  <hidden>
    W5                                                0.000     0.000 r  clk
                         net (fo=0)                   0.000     0.000    clk
    W5                   IBUF (Prop_ibuf_I_O)         1.458     1.458 r  clk_IBUF_inst/O
                         net (fo=1, routed)           1.967     3.425    clk_IBUF
    BUFGCTRL_X0Y0        BUFG (Prop_bufg_I_O)         0.096     3.521 r  clk_IBUF_BUFG_inst/O
                         net (fo=109, routed)         1.625     5.146    DRV/clk_IBUF_BUFG
    SLICE_X60Y19         FDRE                                         r  DRV/digit_idx_reg[0]/C
  -------------------------------------------------------------------    -------------------
    SLICE_X60Y19         FDRE (Prop_fdre_C_Q)         0.518     5.664 r  DRV/digit_idx_reg[0]/Q
                         net (fo=10, routed)          0.771     6.435    CNT1/seg_OBUF[0]_inst_i_1_0
    SLICE_X59Y21         LUT6 (Prop_lut6_I3_O)        0.124     6.559 r  CNT1/seg_OBUF[6]_inst_i_3/O
                         net (fo=7, routed)           0.827     7.386    CNT1/sel0[0]
    SLICE_X59Y22         LUT4 (Prop_lut4_I1_O)        0.124     7.510 r  CNT1/seg_OBUF[6]_inst_i_1/O
                         net (fo=1, routed)           2.066     9.577    seg_OBUF[6]
    U7                   OBUF (Prop_obuf_I_O)         3.531    13.108 r  seg_OBUF[6]_inst/O
                         net (fo=0)                   0.000    13.108    seg[6]
    U7                                                                r  seg[6]
  -------------------------------------------------------------------    -------------------

Slack:                    inf
  Source:                 DRV/digit_idx_reg[0]/C
                            (rising edge-triggered cell FDRE clocked by sys_clk_pin  {rise@0.000ns fall@5.000ns period=10.000ns})
  Destination:            seg[3]
                            (output port)
  Path Group:             (none)
  Path Type:              Max at Slow Process Corner
  Data Path Delay:        7.874ns  (logic 4.530ns (57.526%)  route 3.344ns (42.474%))
  Logic Levels:           3  (LUT4=1 LUT6=1 OBUF=1)
  Clock Uncertainty:      0.025ns  ((TSJ^2 + TIJ^2)^1/2 + DJ) / 2 + PE
    Total System Jitter     (TSJ):    0.050ns
    Total Input Jitter      (TIJ):    0.000ns
    Discrete Jitter          (DJ):    0.000ns
    Phase Error              (PE):    0.000ns

    Location             Delay type                Incr(ns)  Path(ns)    Netlist Resource(s)
  -------------------------------------------------------------------    -------------------
                         (clock sys_clk_pin rise edge)
                                                      0.000     0.000 r  <hidden>
    W5                                                0.000     0.000 r  clk
                         net (fo=0)                   0.000     0.000    clk
    W5                   IBUF (Prop_ibuf_I_O)         1.458     1.458 r  clk_IBUF_inst/O
                         net (fo=1, routed)           1.967     3.425    clk_IBUF
    BUFGCTRL_X0Y0        BUFG (Prop_bufg_I_O)         0.096     3.521 r  clk_IBUF_BUFG_inst/O
                         net (fo=109, routed)         1.625     5.146    DRV/clk_IBUF_BUFG
    SLICE_X60Y19         FDRE                                         r  DRV/digit_idx_reg[0]/C
  -------------------------------------------------------------------    -------------------
    SLICE_X60Y19         FDRE (Prop_fdre_C_Q)         0.518     5.664 r  DRV/digit_idx_reg[0]/Q
                         net (fo=10, routed)          0.850     6.514    CNT1/seg_OBUF[0]_inst_i_1_0
    SLICE_X59Y20         LUT6 (Prop_lut6_I3_O)        0.124     6.638 r  CNT1/seg_OBUF[6]_inst_i_4/O
                         net (fo=7, routed)           0.811     7.449    CNT1/sel0[2]
    SLICE_X59Y21         LUT4 (Prop_lut4_I1_O)        0.150     7.599 r  CNT1/seg_OBUF[3]_inst_i_1/O
                         net (fo=1, routed)           1.684     9.283    seg_OBUF[3]
    V8                   OBUF (Prop_obuf_I_O)         3.738    13.020 r  seg_OBUF[3]_inst/O
                         net (fo=0)                   0.000    13.020    seg[3]
    V8                                                                r  seg[3]
  -------------------------------------------------------------------    -------------------

Slack:                    inf
  Source:                 DRV/digit_idx_reg[0]/C
                            (rising edge-triggered cell FDRE clocked by sys_clk_pin  {rise@0.000ns fall@5.000ns period=10.000ns})
  Destination:            seg[4]
                            (output port)
  Path Group:             (none)
  Path Type:              Max at Slow Process Corner
  Data Path Delay:        7.810ns  (logic 4.286ns (54.877%)  route 3.524ns (45.123%))
  Logic Levels:           3  (LUT4=1 LUT6=1 OBUF=1)
  Clock Uncertainty:      0.025ns  ((TSJ^2 + TIJ^2)^1/2 + DJ) / 2 + PE
    Total System Jitter     (TSJ):    0.050ns
    Total Input Jitter      (TIJ):    0.000ns
    Discrete Jitter          (DJ):    0.000ns
    Phase Error              (PE):    0.000ns

    Location             Delay type                Incr(ns)  Path(ns)    Netlist Resource(s)
  -------------------------------------------------------------------    -------------------
                         (clock sys_clk_pin rise edge)
                                                      0.000     0.000 r  <hidden>
    W5                                                0.000     0.000 r  clk
                         net (fo=0)                   0.000     0.000    clk
    W5                   IBUF (Prop_ibuf_I_O)         1.458     1.458 r  clk_IBUF_inst/O
                         net (fo=1, routed)           1.967     3.425    clk_IBUF
    BUFGCTRL_X0Y0        BUFG (Prop_bufg_I_O)         0.096     3.521 r  clk_IBUF_BUFG_inst/O
                         net (fo=109, routed)         1.625     5.146    DRV/clk_IBUF_BUFG
    SLICE_X60Y19         FDRE                                         r  DRV/digit_idx_reg[0]/C
  -------------------------------------------------------------------    -------------------
    SLICE_X60Y19         FDRE (Prop_fdre_C_Q)         0.518     5.664 r  DRV/digit_idx_reg[0]/Q
                         net (fo=10, routed)          0.850     6.514    CNT1/seg_OBUF[0]_inst_i_1_0
    SLICE_X59Y20         LUT6 (Prop_lut6_I3_O)        0.124     6.638 r  CNT1/seg_OBUF[6]_inst_i_4/O
                         net (fo=7, routed)           0.809     7.447    CNT1/sel0[2]
    SLICE_X59Y21         LUT4 (Prop_lut4_I2_O)        0.124     7.571 r  CNT1/seg_OBUF[4]_inst_i_1/O
                         net (fo=1, routed)           1.865     9.436    seg_OBUF[4]
    U5                   OBUF (Prop_obuf_I_O)         3.520    12.956 r  seg_OBUF[4]_inst/O
                         net (fo=0)                   0.000    12.956    seg[4]
    U5                                                                r  seg[4]
  -------------------------------------------------------------------    -------------------

Slack:                    inf
  Source:                 DRV/digit_idx_reg[0]/C
                            (rising edge-triggered cell FDRE clocked by sys_clk_pin  {rise@0.000ns fall@5.000ns period=10.000ns})
  Destination:            seg[2]
                            (output port)
  Path Group:             (none)
  Path Type:              Max at Slow Process Corner
  Data Path Delay:        7.780ns  (logic 4.301ns (55.282%)  route 3.479ns (44.718%))
  Logic Levels:           3  (LUT4=1 LUT6=1 OBUF=1)
  Clock Uncertainty:      0.025ns  ((TSJ^2 + TIJ^2)^1/2 + DJ) / 2 + PE
    Total System Jitter     (TSJ):    0.050ns
    Total Input Jitter      (TIJ):    0.000ns
    Discrete Jitter          (DJ):    0.000ns
    Phase Error              (PE):    0.000ns

    Location             Delay type                Incr(ns)  Path(ns)    Netlist Resource(s)
  -------------------------------------------------------------------    -------------------
                         (clock sys_clk_pin rise edge)
                                                      0.000     0.000 r  <hidden>
    W5                                                0.000     0.000 r  clk
                         net (fo=0)                   0.000     0.000    clk
    W5                   IBUF (Prop_ibuf_I_O)         1.458     1.458 r  clk_IBUF_inst/O
                         net (fo=1, routed)           1.967     3.425    clk_IBUF
    BUFGCTRL_X0Y0        BUFG (Prop_bufg_I_O)         0.096     3.521 r  clk_IBUF_BUFG_inst/O
                         net (fo=109, routed)         1.625     5.146    DRV/clk_IBUF_BUFG
    SLICE_X60Y19         FDRE                                         r  DRV/digit_idx_reg[0]/C
  -------------------------------------------------------------------    -------------------
    SLICE_X60Y19         FDRE (Prop_fdre_C_Q)         0.518     5.664 r  DRV/digit_idx_reg[0]/Q
                         net (fo=10, routed)          0.850     6.514    CNT1/seg_OBUF[0]_inst_i_1_0
    SLICE_X59Y20         LUT6 (Prop_lut6_I3_O)        0.124     6.638 r  CNT1/seg_OBUF[6]_inst_i_4/O
                         net (fo=7, routed)           0.811     7.449    CNT1/sel0[2]
    SLICE_X59Y21         LUT4 (Prop_lut4_I3_O)        0.124     7.573 r  CNT1/seg_OBUF[2]_inst_i_1/O
                         net (fo=1, routed)           1.819     9.391    seg_OBUF[2]
    U8                   OBUF (Prop_obuf_I_O)         3.535    12.927 r  seg_OBUF[2]_inst/O
                         net (fo=0)                   0.000    12.927    seg[2]
    U8                                                                r  seg[2]
  -------------------------------------------------------------------    -------------------

Slack:                    inf
  Source:                 DRV/digit_idx_reg[1]/C
                            (rising edge-triggered cell FDRE clocked by sys_clk_pin  {rise@0.000ns fall@5.000ns period=10.000ns})
  Destination:            an[0]
                            (output port)
  Path Group:             (none)
  Path Type:              Max at Slow Process Corner
  Data Path Delay:        7.351ns  (logic 4.397ns (59.812%)  route 2.954ns (40.188%))
  Logic Levels:           2  (LUT2=1 OBUF=1)
  Clock Uncertainty:      0.025ns  ((TSJ^2 + TIJ^2)^1/2 + DJ) / 2 + PE
    Total System Jitter     (TSJ):    0.050ns
    Total Input Jitter      (TIJ):    0.000ns
    Discrete Jitter          (DJ):    0.000ns
    Phase Error              (PE):    0.000ns

    Location             Delay type                Incr(ns)  Path(ns)    Netlist Resource(s)
  -------------------------------------------------------------------    -------------------
                         (clock sys_clk_pin rise edge)
                                                      0.000     0.000 r  <hidden>
    W5                                                0.000     0.000 r  clk
                         net (fo=0)                   0.000     0.000    clk
    W5                   IBUF (Prop_ibuf_I_O)         1.458     1.458 r  clk_IBUF_inst/O
                         net (fo=1, routed)           1.967     3.425    clk_IBUF
    BUFGCTRL_X0Y0        BUFG (Prop_bufg_I_O)         0.096     3.521 r  clk_IBUF_BUFG_inst/O
                         net (fo=109, routed)         1.625     5.146    DRV/clk_IBUF_BUFG
    SLICE_X60Y19         FDRE                                         r  DRV/digit_idx_reg[1]/C
  -------------------------------------------------------------------    -------------------
    SLICE_X60Y19         FDRE (Prop_fdre_C_Q)         0.518     5.664 r  DRV/digit_idx_reg[1]/Q
                         net (fo=9, routed)           0.868     6.532    DRV/digit_idx_reg[1]_0
    SLICE_X60Y21         LUT2 (Prop_lut2_I0_O)        0.152     6.684 r  DRV/an_OBUF[0]_inst_i_1/O
                         net (fo=1, routed)           2.086     8.771    an_OBUF[0]
    U2                   OBUF (Prop_obuf_I_O)         3.727    12.497 r  an_OBUF[0]_inst/O
                         net (fo=0)                   0.000    12.497    an[0]
    U2                                                                r  an[0]
  -------------------------------------------------------------------    -------------------

Slack:                    inf
  Source:                 DRV/digit_idx_reg[1]/C
                            (rising edge-triggered cell FDRE clocked by sys_clk_pin  {rise@0.000ns fall@5.000ns period=10.000ns})
  Destination:            an[3]
                            (output port)
  Path Group:             (none)
  Path Type:              Max at Slow Process Corner
  Data Path Delay:        6.993ns  (logic 4.388ns (62.752%)  route 2.605ns (37.248%))
  Logic Levels:           2  (LUT2=1 OBUF=1)
  Clock Uncertainty:      0.025ns  ((TSJ^2 + TIJ^2)^1/2 + DJ) / 2 + PE
    Total System Jitter     (TSJ):    0.050ns
    Total Input Jitter      (TIJ):    0.000ns
    Discrete Jitter          (DJ):    0.000ns
    Phase Error              (PE):    0.000ns

    Location             Delay type                Incr(ns)  Path(ns)    Netlist Resource(s)
  -------------------------------------------------------------------    -------------------
                         (clock sys_clk_pin rise edge)
                                                      0.000     0.000 r  <hidden>
    W5                                                0.000     0.000 r  clk
                         net (fo=0)                   0.000     0.000    clk
    W5                   IBUF (Prop_ibuf_I_O)         1.458     1.458 r  clk_IBUF_inst/O
                         net (fo=1, routed)           1.967     3.425    clk_IBUF
    BUFGCTRL_X0Y0        BUFG (Prop_bufg_I_O)         0.096     3.521 r  clk_IBUF_BUFG_inst/O
                         net (fo=109, routed)         1.625     5.146    DRV/clk_IBUF_BUFG
    SLICE_X60Y19         FDRE                                         r  DRV/digit_idx_reg[1]/C
  -------------------------------------------------------------------    -------------------
    SLICE_X60Y19         FDRE (Prop_fdre_C_Q)         0.518     5.664 f  DRV/digit_idx_reg[1]/Q
                         net (fo=9, routed)           0.715     6.379    DRV/digit_idx_reg[1]_0
    SLICE_X60Y21         LUT2 (Prop_lut2_I0_O)        0.153     6.532 r  DRV/an_OBUF[3]_inst_i_1/O
                         net (fo=1, routed)           1.890     8.422    an_OBUF[3]
    W4                   OBUF (Prop_obuf_I_O)         3.717    12.139 r  an_OBUF[3]_inst/O
                         net (fo=0)                   0.000    12.139    an[3]
    W4                                                                r  an[3]
  -------------------------------------------------------------------    -------------------

Slack:                    inf
  Source:                 DRV/digit_idx_reg[1]/C
                            (rising edge-triggered cell FDRE clocked by sys_clk_pin  {rise@0.000ns fall@5.000ns period=10.000ns})
  Destination:            an[1]
                            (output port)
  Path Group:             (none)
  Path Type:              Max at Slow Process Corner
  Data Path Delay:        6.919ns  (logic 4.141ns (59.848%)  route 2.778ns (40.152%))
  Logic Levels:           2  (LUT2=1 OBUF=1)
  Clock Uncertainty:      0.025ns  ((TSJ^2 + TIJ^2)^1/2 + DJ) / 2 + PE
    Total System Jitter     (TSJ):    0.050ns
    Total Input Jitter      (TIJ):    0.000ns
    Discrete Jitter          (DJ):    0.000ns
    Phase Error              (PE):    0.000ns

    Location             Delay type                Incr(ns)  Path(ns)    Netlist Resource(s)
  -------------------------------------------------------------------    -------------------
                         (clock sys_clk_pin rise edge)
                                                      0.000     0.000 r  <hidden>
    W5                                                0.000     0.000 r  clk
                         net (fo=0)                   0.000     0.000    clk
    W5                   IBUF (Prop_ibuf_I_O)         1.458     1.458 r  clk_IBUF_inst/O
                         net (fo=1, routed)           1.967     3.425    clk_IBUF
    BUFGCTRL_X0Y0        BUFG (Prop_bufg_I_O)         0.096     3.521 r  clk_IBUF_BUFG_inst/O
                         net (fo=109, routed)         1.625     5.146    DRV/clk_IBUF_BUFG
    SLICE_X60Y19         FDRE                                         r  DRV/digit_idx_reg[1]/C
  -------------------------------------------------------------------    -------------------
    SLICE_X60Y19         FDRE (Prop_fdre_C_Q)         0.518     5.664 r  DRV/digit_idx_reg[1]/Q
                         net (fo=9, routed)           0.868     6.532    DRV/digit_idx_reg[1]_0
    SLICE_X60Y21         LUT2 (Prop_lut2_I0_O)        0.124     6.656 r  DRV/an_OBUF[1]_inst_i_1/O
                         net (fo=1, routed)           1.910     8.567    an_OBUF[1]
    U4                   OBUF (Prop_obuf_I_O)         3.499    12.066 r  an_OBUF[1]_inst/O
                         net (fo=0)                   0.000    12.066    an[1]
    U4                                                                r  an[1]
  -------------------------------------------------------------------    -------------------





Min Delay Paths
--------------------------------------------------------------------------------------
Slack:                    inf
  Source:                 CNT1/cnt_reg[11]/C
                            (rising edge-triggered cell FDRE clocked by sys_clk_pin  {rise@0.000ns fall@5.000ns period=10.000ns})
  Destination:            seg[1]
                            (output port)
  Path Group:             (none)
  Path Type:              Min at Fast Process Corner
  Data Path Delay:        2.094ns  (logic 1.461ns (69.775%)  route 0.633ns (30.225%))
  Logic Levels:           3  (LUT4=1 LUT6=1 OBUF=1)
  Clock Uncertainty:      0.025ns  ((TSJ^2 + TIJ^2)^1/2 + DJ) / 2 + PE
    Total System Jitter     (TSJ):    0.050ns
    Total Input Jitter      (TIJ):    0.000ns
    Discrete Jitter          (DJ):    0.000ns
    Phase Error              (PE):    0.000ns

    Location             Delay type                Incr(ns)  Path(ns)    Netlist Resource(s)
  -------------------------------------------------------------------    -------------------
                         (clock sys_clk_pin rise edge)
                                                      0.000     0.000 r  <hidden>
    W5                                                0.000     0.000 r  clk
                         net (fo=0)                   0.000     0.000    clk
    W5                   IBUF (Prop_ibuf_I_O)         0.226     0.226 r  clk_IBUF_inst/O
                         net (fo=1, routed)           0.631     0.858    clk_IBUF
    BUFGCTRL_X0Y0        BUFG (Prop_bufg_I_O)         0.026     0.884 r  clk_IBUF_BUFG_inst/O
                         net (fo=109, routed)         0.584     1.467    CNT1/clk_IBUF_BUFG
    SLICE_X58Y21         FDRE                                         r  CNT1/cnt_reg[11]/C
  -------------------------------------------------------------------    -------------------
    SLICE_X58Y21         FDRE (Prop_fdre_C_Q)         0.141     1.608 r  CNT1/cnt_reg[11]/Q
                         net (fo=3, routed)           0.107     1.715    CNT1/cnt_reg[11]
    SLICE_X59Y21         LUT6 (Prop_lut6_I5_O)        0.045     1.760 r  CNT1/seg_OBUF[6]_inst_i_2/O
                         net (fo=7, routed)           0.145     1.905    CNT1/sel0[3]
    SLICE_X59Y22         LUT4 (Prop_lut4_I0_O)        0.045     1.950 r  CNT1/seg_OBUF[1]_inst_i_1/O
                         net (fo=1, routed)           0.381     2.331    seg_OBUF[1]
    W6                   OBUF (Prop_obuf_I_O)         1.230     3.561 r  seg_OBUF[1]_inst/O
                         net (fo=0)                   0.000     3.561    seg[1]
    W6                                                                r  seg[1]
  -------------------------------------------------------------------    -------------------

Slack:                    inf
  Source:                 DRV/digit_idx_reg[0]/C
                            (rising edge-triggered cell FDRE clocked by sys_clk_pin  {rise@0.000ns fall@5.000ns period=10.000ns})
  Destination:            an[1]
                            (output port)
  Path Group:             (none)
  Path Type:              Min at Fast Process Corner
  Data Path Delay:        2.110ns  (logic 1.409ns (66.806%)  route 0.700ns (33.194%))
  Logic Levels:           2  (LUT2=1 OBUF=1)
  Clock Uncertainty:      0.025ns  ((TSJ^2 + TIJ^2)^1/2 + DJ) / 2 + PE
    Total System Jitter     (TSJ):    0.050ns
    Total Input Jitter      (TIJ):    0.000ns
    Discrete Jitter          (DJ):    0.000ns
    Phase Error              (PE):    0.000ns

    Location             Delay type                Incr(ns)  Path(ns)    Netlist Resource(s)
  -------------------------------------------------------------------    -------------------
                         (clock sys_clk_pin rise edge)
                                                      0.000     0.000 r  <hidden>
    W5                                                0.000     0.000 r  clk
                         net (fo=0)                   0.000     0.000    clk
    W5                   IBUF (Prop_ibuf_I_O)         0.226     0.226 r  clk_IBUF_inst/O
                         net (fo=1, routed)           0.631     0.858    clk_IBUF
    BUFGCTRL_X0Y0        BUFG (Prop_bufg_I_O)         0.026     0.884 r  clk_IBUF_BUFG_inst/O
                         net (fo=109, routed)         0.586     1.469    DRV/clk_IBUF_BUFG
    SLICE_X60Y19         FDRE                                         r  DRV/digit_idx_reg[0]/C
  -------------------------------------------------------------------    -------------------
    SLICE_X60Y19         FDRE (Prop_fdre_C_Q)         0.164     1.633 f  DRV/digit_idx_reg[0]/Q
                         net (fo=10, routed)          0.253     1.886    DRV/digit_idx_reg[0]_0
    SLICE_X60Y21         LUT2 (Prop_lut2_I1_O)        0.045     1.931 r  DRV/an_OBUF[1]_inst_i_1/O
                         net (fo=1, routed)           0.447     2.378    an_OBUF[1]
    U4                   OBUF (Prop_obuf_I_O)         1.200     3.579 r  an_OBUF[1]_inst/O
                         net (fo=0)                   0.000     3.579    an[1]
    U4                                                                r  an[1]
  -------------------------------------------------------------------    -------------------

Slack:                    inf
  Source:                 DRV/digit_idx_reg[0]/C
                            (rising edge-triggered cell FDRE clocked by sys_clk_pin  {rise@0.000ns fall@5.000ns period=10.000ns})
  Destination:            an[2]
                            (output port)
  Path Group:             (none)
  Path Type:              Min at Fast Process Corner
  Data Path Delay:        2.131ns  (logic 1.433ns (67.258%)  route 0.698ns (32.742%))
  Logic Levels:           2  (LUT2=1 OBUF=1)
  Clock Uncertainty:      0.025ns  ((TSJ^2 + TIJ^2)^1/2 + DJ) / 2 + PE
    Total System Jitter     (TSJ):    0.050ns
    Total Input Jitter      (TIJ):    0.000ns
    Discrete Jitter          (DJ):    0.000ns
    Phase Error              (PE):    0.000ns

    Location             Delay type                Incr(ns)  Path(ns)    Netlist Resource(s)
  -------------------------------------------------------------------    -------------------
                         (clock sys_clk_pin rise edge)
                                                      0.000     0.000 r  <hidden>
    W5                                                0.000     0.000 r  clk
                         net (fo=0)                   0.000     0.000    clk
    W5                   IBUF (Prop_ibuf_I_O)         0.226     0.226 r  clk_IBUF_inst/O
                         net (fo=1, routed)           0.631     0.858    clk_IBUF
    BUFGCTRL_X0Y0        BUFG (Prop_bufg_I_O)         0.026     0.884 r  clk_IBUF_BUFG_inst/O
                         net (fo=109, routed)         0.586     1.469    DRV/clk_IBUF_BUFG
    SLICE_X60Y19         FDRE                                         r  DRV/digit_idx_reg[0]/C
  -------------------------------------------------------------------    -------------------
    SLICE_X60Y19         FDRE (Prop_fdre_C_Q)         0.164     1.633 r  DRV/digit_idx_reg[0]/Q
                         net (fo=10, routed)          0.252     1.885    DRV/digit_idx_reg[0]_0
    SLICE_X60Y21         LUT2 (Prop_lut2_I0_O)        0.045     1.930 r  DRV/an_OBUF[2]_inst_i_1/O
                         net (fo=1, routed)           0.445     2.376    an_OBUF[2]
    V4                   OBUF (Prop_obuf_I_O)         1.224     3.600 r  an_OBUF[2]_inst/O
                         net (fo=0)                   0.000     3.600    an[2]
    V4                                                                r  an[2]
  -------------------------------------------------------------------    -------------------

Slack:                    inf
  Source:                 CNT1/cnt_reg[11]/C
                            (rising edge-triggered cell FDRE clocked by sys_clk_pin  {rise@0.000ns fall@5.000ns period=10.000ns})
  Destination:            seg[2]
                            (output port)
  Path Group:             (none)
  Path Type:              Min at Fast Process Corner
  Data Path Delay:        2.135ns  (logic 1.467ns (68.704%)  route 0.668ns (31.296%))
  Logic Levels:           3  (LUT4=1 LUT6=1 OBUF=1)
  Clock Uncertainty:      0.025ns  ((TSJ^2 + TIJ^2)^1/2 + DJ) / 2 + PE
    Total System Jitter     (TSJ):    0.050ns
    Total Input Jitter      (TIJ):    0.000ns
    Discrete Jitter          (DJ):    0.000ns
    Phase Error              (PE):    0.000ns

    Location             Delay type                Incr(ns)  Path(ns)    Netlist Resource(s)
  -------------------------------------------------------------------    -------------------
                         (clock sys_clk_pin rise edge)
                                                      0.000     0.000 r  <hidden>
    W5                                                0.000     0.000 r  clk
                         net (fo=0)                   0.000     0.000    clk
    W5                   IBUF (Prop_ibuf_I_O)         0.226     0.226 r  clk_IBUF_inst/O
                         net (fo=1, routed)           0.631     0.858    clk_IBUF
    BUFGCTRL_X0Y0        BUFG (Prop_bufg_I_O)         0.026     0.884 r  clk_IBUF_BUFG_inst/O
                         net (fo=109, routed)         0.584     1.467    CNT1/clk_IBUF_BUFG
    SLICE_X58Y21         FDRE                                         r  CNT1/cnt_reg[11]/C
  -------------------------------------------------------------------    -------------------
    SLICE_X58Y21         FDRE (Prop_fdre_C_Q)         0.141     1.608 r  CNT1/cnt_reg[11]/Q
                         net (fo=3, routed)           0.107     1.715    CNT1/cnt_reg[11]
    SLICE_X59Y21         LUT6 (Prop_lut6_I5_O)        0.045     1.760 r  CNT1/seg_OBUF[6]_inst_i_2/O
                         net (fo=7, routed)           0.181     1.941    CNT1/sel0[3]
    SLICE_X59Y21         LUT4 (Prop_lut4_I0_O)        0.045     1.986 r  CNT1/seg_OBUF[2]_inst_i_1/O
                         net (fo=1, routed)           0.381     2.366    seg_OBUF[2]
    U8                   OBUF (Prop_obuf_I_O)         1.236     3.602 r  seg_OBUF[2]_inst/O
                         net (fo=0)                   0.000     3.602    seg[2]
    U8                                                                r  seg[2]
  -------------------------------------------------------------------    -------------------

Slack:                    inf
  Source:                 CNT1/cnt_reg[11]/C
                            (rising edge-triggered cell FDRE clocked by sys_clk_pin  {rise@0.000ns fall@5.000ns period=10.000ns})
  Destination:            seg[0]
                            (output port)
  Path Group:             (none)
  Path Type:              Min at Fast Process Corner
  Data Path Delay:        2.144ns  (logic 1.508ns (70.327%)  route 0.636ns (29.673%))
  Logic Levels:           3  (LUT4=1 LUT6=1 OBUF=1)
  Clock Uncertainty:      0.025ns  ((TSJ^2 + TIJ^2)^1/2 + DJ) / 2 + PE
    Total System Jitter     (TSJ):    0.050ns
    Total Input Jitter      (TIJ):    0.000ns
    Discrete Jitter          (DJ):    0.000ns
    Phase Error              (PE):    0.000ns

    Location             Delay type                Incr(ns)  Path(ns)    Netlist Resource(s)
  -------------------------------------------------------------------    -------------------
                         (clock sys_clk_pin rise edge)
                                                      0.000     0.000 r  <hidden>
    W5                                                0.000     0.000 r  clk
                         net (fo=0)                   0.000     0.000    clk
    W5                   IBUF (Prop_ibuf_I_O)         0.226     0.226 r  clk_IBUF_inst/O
                         net (fo=1, routed)           0.631     0.858    clk_IBUF
    BUFGCTRL_X0Y0        BUFG (Prop_bufg_I_O)         0.026     0.884 r  clk_IBUF_BUFG_inst/O
                         net (fo=109, routed)         0.584     1.467    CNT1/clk_IBUF_BUFG
    SLICE_X58Y21         FDRE                                         r  CNT1/cnt_reg[11]/C
  -------------------------------------------------------------------    -------------------
    SLICE_X58Y21         FDRE (Prop_fdre_C_Q)         0.141     1.608 r  CNT1/cnt_reg[11]/Q
                         net (fo=3, routed)           0.107     1.715    CNT1/cnt_reg[11]
    SLICE_X59Y21         LUT6 (Prop_lut6_I5_O)        0.045     1.760 r  CNT1/seg_OBUF[6]_inst_i_2/O
                         net (fo=7, routed)           0.145     1.905    CNT1/sel0[3]
    SLICE_X59Y22         LUT4 (Prop_lut4_I0_O)        0.048     1.953 r  CNT1/seg_OBUF[0]_inst_i_1/O
                         net (fo=1, routed)           0.384     2.337    seg_OBUF[0]
    W7                   OBUF (Prop_obuf_I_O)         1.274     3.611 r  seg_OBUF[0]_inst/O
                         net (fo=0)                   0.000     3.611    seg[0]
    W7                                                                r  seg[0]
  -------------------------------------------------------------------    -------------------

Slack:                    inf
  Source:                 CNT1/cnt_reg[11]/C
                            (rising edge-triggered cell FDRE clocked by sys_clk_pin  {rise@0.000ns fall@5.000ns period=10.000ns})
  Destination:            seg[4]
                            (output port)
  Path Group:             (none)
  Path Type:              Min at Fast Process Corner
  Data Path Delay:        2.146ns  (logic 1.452ns (67.655%)  route 0.694ns (32.345%))
  Logic Levels:           3  (LUT4=1 LUT6=1 OBUF=1)
  Clock Uncertainty:      0.025ns  ((TSJ^2 + TIJ^2)^1/2 + DJ) / 2 + PE
    Total System Jitter     (TSJ):    0.050ns
    Total Input Jitter      (TIJ):    0.000ns
    Discrete Jitter          (DJ):    0.000ns
    Phase Error              (PE):    0.000ns

    Location             Delay type                Incr(ns)  Path(ns)    Netlist Resource(s)
  -------------------------------------------------------------------    -------------------
                         (clock sys_clk_pin rise edge)
                                                      0.000     0.000 r  <hidden>
    W5                                                0.000     0.000 r  clk
                         net (fo=0)                   0.000     0.000    clk
    W5                   IBUF (Prop_ibuf_I_O)         0.226     0.226 r  clk_IBUF_inst/O
                         net (fo=1, routed)           0.631     0.858    clk_IBUF
    BUFGCTRL_X0Y0        BUFG (Prop_bufg_I_O)         0.026     0.884 r  clk_IBUF_BUFG_inst/O
                         net (fo=109, routed)         0.584     1.467    CNT1/clk_IBUF_BUFG
    SLICE_X58Y21         FDRE                                         r  CNT1/cnt_reg[11]/C
  -------------------------------------------------------------------    -------------------
    SLICE_X58Y21         FDRE (Prop_fdre_C_Q)         0.141     1.608 f  CNT1/cnt_reg[11]/Q
                         net (fo=3, routed)           0.107     1.715    CNT1/cnt_reg[11]
    SLICE_X59Y21         LUT6 (Prop_lut6_I5_O)        0.045     1.760 f  CNT1/seg_OBUF[6]_inst_i_2/O
                         net (fo=7, routed)           0.182     1.942    CNT1/sel0[3]
    SLICE_X59Y21         LUT4 (Prop_lut4_I0_O)        0.045     1.987 r  CNT1/seg_OBUF[4]_inst_i_1/O
                         net (fo=1, routed)           0.405     2.392    seg_OBUF[4]
    U5                   OBUF (Prop_obuf_I_O)         1.221     3.613 r  seg_OBUF[4]_inst/O
                         net (fo=0)                   0.000     3.613    seg[4]
    U5                                                                r  seg[4]
  -------------------------------------------------------------------    -------------------

Slack:                    inf
  Source:                 CNT1/cnt_reg[11]/C
                            (rising edge-triggered cell FDRE clocked by sys_clk_pin  {rise@0.000ns fall@5.000ns period=10.000ns})
  Destination:            seg[3]
                            (output port)
  Path Group:             (none)
  Path Type:              Min at Fast Process Corner
  Data Path Delay:        2.151ns  (logic 1.532ns (71.250%)  route 0.618ns (28.750%))
  Logic Levels:           3  (LUT4=1 LUT6=1 OBUF=1)
  Clock Uncertainty:      0.025ns  ((TSJ^2 + TIJ^2)^1/2 + DJ) / 2 + PE
    Total System Jitter     (TSJ):    0.050ns
    Total Input Jitter      (TIJ):    0.000ns
    Discrete Jitter          (DJ):    0.000ns
    Phase Error              (PE):    0.000ns

    Location             Delay type                Incr(ns)  Path(ns)    Netlist Resource(s)
  -------------------------------------------------------------------    -------------------
                         (clock sys_clk_pin rise edge)
                                                      0.000     0.000 r  <hidden>
    W5                                                0.000     0.000 r  clk
                         net (fo=0)                   0.000     0.000    clk
    W5                   IBUF (Prop_ibuf_I_O)         0.226     0.226 r  clk_IBUF_inst/O
                         net (fo=1, routed)           0.631     0.858    clk_IBUF
    BUFGCTRL_X0Y0        BUFG (Prop_bufg_I_O)         0.026     0.884 r  clk_IBUF_BUFG_inst/O
                         net (fo=109, routed)         0.584     1.467    CNT1/clk_IBUF_BUFG
    SLICE_X58Y21         FDRE                                         r  CNT1/cnt_reg[11]/C
  -------------------------------------------------------------------    -------------------
    SLICE_X58Y21         FDRE (Prop_fdre_C_Q)         0.141     1.608 r  CNT1/cnt_reg[11]/Q
                         net (fo=3, routed)           0.107     1.715    CNT1/cnt_reg[11]
    SLICE_X59Y21         LUT6 (Prop_lut6_I5_O)        0.045     1.760 r  CNT1/seg_OBUF[6]_inst_i_2/O
                         net (fo=7, routed)           0.181     1.941    CNT1/sel0[3]
    SLICE_X59Y21         LUT4 (Prop_lut4_I0_O)        0.048     1.989 r  CNT1/seg_OBUF[3]_inst_i_1/O
                         net (fo=1, routed)           0.331     2.319    seg_OBUF[3]
    V8                   OBUF (Prop_obuf_I_O)         1.298     3.618 r  seg_OBUF[3]_inst/O
                         net (fo=0)                   0.000     3.618    seg[3]
    V8                                                                r  seg[3]
  -------------------------------------------------------------------    -------------------

Slack:                    inf
  Source:                 DRV/digit_idx_reg[0]/C
                            (rising edge-triggered cell FDRE clocked by sys_clk_pin  {rise@0.000ns fall@5.000ns period=10.000ns})
  Destination:            an[3]
                            (output port)
  Path Group:             (none)
  Path Type:              Min at Fast Process Corner
  Data Path Delay:        2.187ns  (logic 1.492ns (68.233%)  route 0.695ns (31.767%))
  Logic Levels:           2  (LUT2=1 OBUF=1)
  Clock Uncertainty:      0.025ns  ((TSJ^2 + TIJ^2)^1/2 + DJ) / 2 + PE
    Total System Jitter     (TSJ):    0.050ns
    Total Input Jitter      (TIJ):    0.000ns
    Discrete Jitter          (DJ):    0.000ns
    Phase Error              (PE):    0.000ns

    Location             Delay type                Incr(ns)  Path(ns)    Netlist Resource(s)
  -------------------------------------------------------------------    -------------------
                         (clock sys_clk_pin rise edge)
                                                      0.000     0.000 r  <hidden>
    W5                                                0.000     0.000 r  clk
                         net (fo=0)                   0.000     0.000    clk
    W5                   IBUF (Prop_ibuf_I_O)         0.226     0.226 r  clk_IBUF_inst/O
                         net (fo=1, routed)           0.631     0.858    clk_IBUF
    BUFGCTRL_X0Y0        BUFG (Prop_bufg_I_O)         0.026     0.884 r  clk_IBUF_BUFG_inst/O
                         net (fo=109, routed)         0.586     1.469    DRV/clk_IBUF_BUFG
    SLICE_X60Y19         FDRE                                         r  DRV/digit_idx_reg[0]/C
  -------------------------------------------------------------------    -------------------
    SLICE_X60Y19         FDRE (Prop_fdre_C_Q)         0.164     1.633 f  DRV/digit_idx_reg[0]/Q
                         net (fo=10, routed)          0.252     1.885    DRV/digit_idx_reg[0]_0
    SLICE_X60Y21         LUT2 (Prop_lut2_I1_O)        0.049     1.934 r  DRV/an_OBUF[3]_inst_i_1/O
                         net (fo=1, routed)           0.443     2.377    an_OBUF[3]
    W4                   OBUF (Prop_obuf_I_O)         1.279     3.656 r  an_OBUF[3]_inst/O
                         net (fo=0)                   0.000     3.656    an[3]
    W4                                                                r  an[3]
  -------------------------------------------------------------------    -------------------

Slack:                    inf
  Source:                 CNT1/cnt_reg[11]/C
                            (rising edge-triggered cell FDRE clocked by sys_clk_pin  {rise@0.000ns fall@5.000ns period=10.000ns})
  Destination:            seg[5]
                            (output port)
  Path Group:             (none)
  Path Type:              Min at Fast Process Corner
  Data Path Delay:        2.226ns  (logic 1.508ns (67.739%)  route 0.718ns (32.261%))
  Logic Levels:           3  (LUT4=1 LUT6=1 OBUF=1)
  Clock Uncertainty:      0.025ns  ((TSJ^2 + TIJ^2)^1/2 + DJ) / 2 + PE
    Total System Jitter     (TSJ):    0.050ns
    Total Input Jitter      (TIJ):    0.000ns
    Discrete Jitter          (DJ):    0.000ns
    Phase Error              (PE):    0.000ns

    Location             Delay type                Incr(ns)  Path(ns)    Netlist Resource(s)
  -------------------------------------------------------------------    -------------------
                         (clock sys_clk_pin rise edge)
                                                      0.000     0.000 r  <hidden>
    W5                                                0.000     0.000 r  clk
                         net (fo=0)                   0.000     0.000    clk
    W5                   IBUF (Prop_ibuf_I_O)         0.226     0.226 r  clk_IBUF_inst/O
                         net (fo=1, routed)           0.631     0.858    clk_IBUF
    BUFGCTRL_X0Y0        BUFG (Prop_bufg_I_O)         0.026     0.884 r  clk_IBUF_BUFG_inst/O
                         net (fo=109, routed)         0.584     1.467    CNT1/clk_IBUF_BUFG
    SLICE_X58Y21         FDRE                                         r  CNT1/cnt_reg[11]/C
  -------------------------------------------------------------------    -------------------
    SLICE_X58Y21         FDRE (Prop_fdre_C_Q)         0.141     1.608 r  CNT1/cnt_reg[11]/Q
                         net (fo=3, routed)           0.107     1.715    CNT1/cnt_reg[11]
    SLICE_X59Y21         LUT6 (Prop_lut6_I5_O)        0.045     1.760 r  CNT1/seg_OBUF[6]_inst_i_2/O
                         net (fo=7, routed)           0.182     1.942    CNT1/sel0[3]
    SLICE_X59Y21         LUT4 (Prop_lut4_I0_O)        0.049     1.991 r  CNT1/seg_OBUF[5]_inst_i_1/O
                         net (fo=1, routed)           0.429     2.420    seg_OBUF[5]
    V5                   OBUF (Prop_obuf_I_O)         1.273     3.693 r  seg_OBUF[5]_inst/O
                         net (fo=0)                   0.000     3.693    seg[5]
    V5                                                                r  seg[5]
  -------------------------------------------------------------------    -------------------

Slack:                    inf
  Source:                 CNT1/cnt_reg[11]/C
                            (rising edge-triggered cell FDRE clocked by sys_clk_pin  {rise@0.000ns fall@5.000ns period=10.000ns})
  Destination:            seg[6]
                            (output port)
  Path Group:             (none)
  Path Type:              Min at Fast Process Corner
  Data Path Delay:        2.226ns  (logic 1.463ns (65.734%)  route 0.763ns (34.266%))
  Logic Levels:           3  (LUT4=1 LUT6=1 OBUF=1)
  Clock Uncertainty:      0.025ns  ((TSJ^2 + TIJ^2)^1/2 + DJ) / 2 + PE
    Total System Jitter     (TSJ):    0.050ns
    Total Input Jitter      (TIJ):    0.000ns
    Discrete Jitter          (DJ):    0.000ns
    Phase Error              (PE):    0.000ns

    Location             Delay type                Incr(ns)  Path(ns)    Netlist Resource(s)
  -------------------------------------------------------------------    -------------------
                         (clock sys_clk_pin rise edge)
                                                      0.000     0.000 r  <hidden>
    W5                                                0.000     0.000 r  clk
                         net (fo=0)                   0.000     0.000    clk
    W5                   IBUF (Prop_ibuf_I_O)         0.226     0.226 r  clk_IBUF_inst/O
                         net (fo=1, routed)           0.631     0.858    clk_IBUF
    BUFGCTRL_X0Y0        BUFG (Prop_bufg_I_O)         0.026     0.884 r  clk_IBUF_BUFG_inst/O
                         net (fo=109, routed)         0.584     1.467    CNT1/clk_IBUF_BUFG
    SLICE_X58Y21         FDRE                                         r  CNT1/cnt_reg[11]/C
  -------------------------------------------------------------------    -------------------
    SLICE_X58Y21         FDRE (Prop_fdre_C_Q)         0.141     1.608 r  CNT1/cnt_reg[11]/Q
                         net (fo=3, routed)           0.107     1.715    CNT1/cnt_reg[11]
    SLICE_X59Y21         LUT6 (Prop_lut6_I5_O)        0.045     1.760 r  CNT1/seg_OBUF[6]_inst_i_2/O
                         net (fo=7, routed)           0.146     1.906    CNT1/sel0[3]
    SLICE_X59Y22         LUT4 (Prop_lut4_I0_O)        0.045     1.951 r  CNT1/seg_OBUF[6]_inst_i_1/O
                         net (fo=1, routed)           0.509     2.461    seg_OBUF[6]
    U7                   OBUF (Prop_obuf_I_O)         1.232     3.693 r  seg_OBUF[6]_inst/O
                         net (fo=0)                   0.000     3.693    seg[6]
    U7                                                                r  seg[6]
  -------------------------------------------------------------------    -------------------





--------------------------------------------------------------------------------------
Path Group:  (none)
From Clock:  
  To Clock:  sys_clk_pin

Max Delay            35 Endpoints
Min Delay            35 Endpoints
--------------------------------------------------------------------------------------


Max Delay Paths
--------------------------------------------------------------------------------------
Slack:                    inf
  Source:                 sw
                            (input port)
  Destination:            CNT1/cnt_reg[13]/D
                            (rising edge-triggered cell FDRE clocked by sys_clk_pin  {rise@0.000ns fall@5.000ns period=10.000ns})
  Path Group:             (none)
  Path Type:              Setup (Max at Slow Process Corner)
  Data Path Delay:        6.838ns  (logic 2.795ns (40.874%)  route 4.043ns (59.126%))
  Logic Levels:           6  (CARRY4=4 IBUF=1 LUT6=1)
  Clock Path Skew:        4.845ns (DCD - SCD + CPR)
    Destination Clock Delay (DCD):    4.845ns
    Source Clock Delay      (SCD):    0.000ns
    Clock Pessimism Removal (CPR):    0.000ns
  Clock Uncertainty:      0.025ns  ((TSJ^2 + TIJ^2)^1/2 + DJ) / 2 + PE
    Total System Jitter     (TSJ):    0.050ns
    Total Input Jitter      (TIJ):    0.000ns
    Discrete Jitter          (DJ):    0.000ns
    Phase Error              (PE):    0.000ns

    Location             Delay type                Incr(ns)  Path(ns)    Netlist Resource(s)
  -------------------------------------------------------------------    -------------------
    V17                                               0.000     0.000 r  sw
                         net (fo=0)                   0.000     0.000    sw
    V17                  IBUF (Prop_ibuf_I_O)         1.453     1.453 r  sw_IBUF_inst/O
                         net (fo=18, routed)          3.387     4.840    EDD/sw_IBUF
    SLICE_X59Y19         LUT6 (Prop_lut6_I2_O)        0.124     4.964 r  EDD/cnt[0]_i_7/O
                         net (fo=1, routed)           0.656     5.620    EDD/cnt[0]_i_7_n_0
    SLICE_X58Y19         CARRY4 (Prop_carry4_S[0]_CO[3])
                                                      0.656     6.276 r  EDD/cnt_reg[0]_i_2__2/CO[3]
                         net (fo=1, routed)           0.000     6.276    EDD/cnt_reg[0]_i_2__2_n_0
    SLICE_X58Y20         CARRY4 (Prop_carry4_CI_CO[3])
                                                      0.114     6.390 r  EDD/cnt_reg[4]_i_1__2/CO[3]
                         net (fo=1, routed)           0.000     6.390    EDD/cnt_reg[4]_i_1__2_n_0
    SLICE_X58Y21         CARRY4 (Prop_carry4_CI_CO[3])
                                                      0.114     6.504 r  EDD/cnt_reg[8]_i_1__2/CO[3]
                         net (fo=1, routed)           0.000     6.504    EDD/cnt_reg[8]_i_1__2_n_0
    SLICE_X58Y22         CARRY4 (Prop_carry4_CI_O[1])
                                                      0.334     6.838 r  EDD/cnt_reg[12]_i_1__2/O[1]
                         net (fo=1, routed)           0.000     6.838    CNT1/cnt_reg[15]_1[1]
    SLICE_X58Y22         FDRE                                         r  CNT1/cnt_reg[13]/D
  -------------------------------------------------------------------    -------------------

                         (clock sys_clk_pin rise edge)
                                                      0.000     0.000 r  <hidden>
    W5                                                0.000     0.000 r  clk
                         net (fo=0)                   0.000     0.000    clk
    W5                   IBUF (Prop_ibuf_I_O)         1.388     1.388 r  clk_IBUF_inst/O
                         net (fo=1, routed)           1.862     3.250    clk_IBUF
    BUFGCTRL_X0Y0        BUFG (Prop_bufg_I_O)         0.091     3.341 r  clk_IBUF_BUFG_inst/O
                         net (fo=109, routed)         1.504     4.845    CNT1/clk_IBUF_BUFG
    SLICE_X58Y22         FDRE                                         r  CNT1/cnt_reg[13]/C

Slack:                    inf
  Source:                 sw
                            (input port)
  Destination:            CNT1/cnt_reg[15]/D
                            (rising edge-triggered cell FDRE clocked by sys_clk_pin  {rise@0.000ns fall@5.000ns period=10.000ns})
  Path Group:             (none)
  Path Type:              Setup (Max at Slow Process Corner)
  Data Path Delay:        6.817ns  (logic 2.774ns (40.692%)  route 4.043ns (59.308%))
  Logic Levels:           6  (CARRY4=4 IBUF=1 LUT6=1)
  Clock Path Skew:        4.845ns (DCD - SCD + CPR)
    Destination Clock Delay (DCD):    4.845ns
    Source Clock Delay      (SCD):    0.000ns
    Clock Pessimism Removal (CPR):    0.000ns
  Clock Uncertainty:      0.025ns  ((TSJ^2 + TIJ^2)^1/2 + DJ) / 2 + PE
    Total System Jitter     (TSJ):    0.050ns
    Total Input Jitter      (TIJ):    0.000ns
    Discrete Jitter          (DJ):    0.000ns
    Phase Error              (PE):    0.000ns

    Location             Delay type                Incr(ns)  Path(ns)    Netlist Resource(s)
  -------------------------------------------------------------------    -------------------
    V17                                               0.000     0.000 r  sw
                         net (fo=0)                   0.000     0.000    sw
    V17                  IBUF (Prop_ibuf_I_O)         1.453     1.453 r  sw_IBUF_inst/O
                         net (fo=18, routed)          3.387     4.840    EDD/sw_IBUF
    SLICE_X59Y19         LUT6 (Prop_lut6_I2_O)        0.124     4.964 r  EDD/cnt[0]_i_7/O
                         net (fo=1, routed)           0.656     5.620    EDD/cnt[0]_i_7_n_0
    SLICE_X58Y19         CARRY4 (Prop_carry4_S[0]_CO[3])
                                                      0.656     6.276 r  EDD/cnt_reg[0]_i_2__2/CO[3]
                         net (fo=1, routed)           0.000     6.276    EDD/cnt_reg[0]_i_2__2_n_0
    SLICE_X58Y20         CARRY4 (Prop_carry4_CI_CO[3])
                                                      0.114     6.390 r  EDD/cnt_reg[4]_i_1__2/CO[3]
                         net (fo=1, routed)           0.000     6.390    EDD/cnt_reg[4]_i_1__2_n_0
    SLICE_X58Y21         CARRY4 (Prop_carry4_CI_CO[3])
                                                      0.114     6.504 r  EDD/cnt_reg[8]_i_1__2/CO[3]
                         net (fo=1, routed)           0.000     6.504    EDD/cnt_reg[8]_i_1__2_n_0
    SLICE_X58Y22         CARRY4 (Prop_carry4_CI_O[3])
                                                      0.313     6.817 r  EDD/cnt_reg[12]_i_1__2/O[3]
                         net (fo=1, routed)           0.000     6.817    CNT1/cnt_reg[15]_1[3]
    SLICE_X58Y22         FDRE                                         r  CNT1/cnt_reg[15]/D
  -------------------------------------------------------------------    -------------------

                         (clock sys_clk_pin rise edge)
                                                      0.000     0.000 r  <hidden>
    W5                                                0.000     0.000 r  clk
                         net (fo=0)                   0.000     0.000    clk
    W5                   IBUF (Prop_ibuf_I_O)         1.388     1.388 r  clk_IBUF_inst/O
                         net (fo=1, routed)           1.862     3.250    clk_IBUF
    BUFGCTRL_X0Y0        BUFG (Prop_bufg_I_O)         0.091     3.341 r  clk_IBUF_BUFG_inst/O
                         net (fo=109, routed)         1.504     4.845    CNT1/clk_IBUF_BUFG
    SLICE_X58Y22         FDRE                                         r  CNT1/cnt_reg[15]/C

Slack:                    inf
  Source:                 sw
                            (input port)
  Destination:            CNT1/cnt_reg[14]/D
                            (rising edge-triggered cell FDRE clocked by sys_clk_pin  {rise@0.000ns fall@5.000ns period=10.000ns})
  Path Group:             (none)
  Path Type:              Setup (Max at Slow Process Corner)
  Data Path Delay:        6.743ns  (logic 2.700ns (40.041%)  route 4.043ns (59.959%))
  Logic Levels:           6  (CARRY4=4 IBUF=1 LUT6=1)
  Clock Path Skew:        4.845ns (DCD - SCD + CPR)
    Destination Clock Delay (DCD):    4.845ns
    Source Clock Delay      (SCD):    0.000ns
    Clock Pessimism Removal (CPR):    0.000ns
  Clock Uncertainty:      0.025ns  ((TSJ^2 + TIJ^2)^1/2 + DJ) / 2 + PE
    Total System Jitter     (TSJ):    0.050ns
    Total Input Jitter      (TIJ):    0.000ns
    Discrete Jitter          (DJ):    0.000ns
    Phase Error              (PE):    0.000ns

    Location             Delay type                Incr(ns)  Path(ns)    Netlist Resource(s)
  -------------------------------------------------------------------    -------------------
    V17                                               0.000     0.000 r  sw
                         net (fo=0)                   0.000     0.000    sw
    V17                  IBUF (Prop_ibuf_I_O)         1.453     1.453 r  sw_IBUF_inst/O
                         net (fo=18, routed)          3.387     4.840    EDD/sw_IBUF
    SLICE_X59Y19         LUT6 (Prop_lut6_I2_O)        0.124     4.964 r  EDD/cnt[0]_i_7/O
                         net (fo=1, routed)           0.656     5.620    EDD/cnt[0]_i_7_n_0
    SLICE_X58Y19         CARRY4 (Prop_carry4_S[0]_CO[3])
                                                      0.656     6.276 r  EDD/cnt_reg[0]_i_2__2/CO[3]
                         net (fo=1, routed)           0.000     6.276    EDD/cnt_reg[0]_i_2__2_n_0
    SLICE_X58Y20         CARRY4 (Prop_carry4_CI_CO[3])
                                                      0.114     6.390 r  EDD/cnt_reg[4]_i_1__2/CO[3]
                         net (fo=1, routed)           0.000     6.390    EDD/cnt_reg[4]_i_1__2_n_0
    SLICE_X58Y21         CARRY4 (Prop_carry4_CI_CO[3])
                                                      0.114     6.504 r  EDD/cnt_reg[8]_i_1__2/CO[3]
                         net (fo=1, routed)           0.000     6.504    EDD/cnt_reg[8]_i_1__2_n_0
    SLICE_X58Y22         CARRY4 (Prop_carry4_CI_O[2])
                                                      0.239     6.743 r  EDD/cnt_reg[12]_i_1__2/O[2]
                         net (fo=1, routed)           0.000     6.743    CNT1/cnt_reg[15]_1[2]
    SLICE_X58Y22         FDRE                                         r  CNT1/cnt_reg[14]/D
  -------------------------------------------------------------------    -------------------

                         (clock sys_clk_pin rise edge)
                                                      0.000     0.000 r  <hidden>
    W5                                                0.000     0.000 r  clk
                         net (fo=0)                   0.000     0.000    clk
    W5                   IBUF (Prop_ibuf_I_O)         1.388     1.388 r  clk_IBUF_inst/O
                         net (fo=1, routed)           1.862     3.250    clk_IBUF
    BUFGCTRL_X0Y0        BUFG (Prop_bufg_I_O)         0.091     3.341 r  clk_IBUF_BUFG_inst/O
                         net (fo=109, routed)         1.504     4.845    CNT1/clk_IBUF_BUFG
    SLICE_X58Y22         FDRE                                         r  CNT1/cnt_reg[14]/C

Slack:                    inf
  Source:                 sw
                            (input port)
  Destination:            CNT1/cnt_reg[12]/D
                            (rising edge-triggered cell FDRE clocked by sys_clk_pin  {rise@0.000ns fall@5.000ns period=10.000ns})
  Path Group:             (none)
  Path Type:              Setup (Max at Slow Process Corner)
  Data Path Delay:        6.727ns  (logic 2.684ns (39.898%)  route 4.043ns (60.102%))
  Logic Levels:           6  (CARRY4=4 IBUF=1 LUT6=1)
  Clock Path Skew:        4.845ns (DCD - SCD + CPR)
    Destination Clock Delay (DCD):    4.845ns
    Source Clock Delay      (SCD):    0.000ns
    Clock Pessimism Removal (CPR):    0.000ns
  Clock Uncertainty:      0.025ns  ((TSJ^2 + TIJ^2)^1/2 + DJ) / 2 + PE
    Total System Jitter     (TSJ):    0.050ns
    Total Input Jitter      (TIJ):    0.000ns
    Discrete Jitter          (DJ):    0.000ns
    Phase Error              (PE):    0.000ns

    Location             Delay type                Incr(ns)  Path(ns)    Netlist Resource(s)
  -------------------------------------------------------------------    -------------------
    V17                                               0.000     0.000 r  sw
                         net (fo=0)                   0.000     0.000    sw
    V17                  IBUF (Prop_ibuf_I_O)         1.453     1.453 r  sw_IBUF_inst/O
                         net (fo=18, routed)          3.387     4.840    EDD/sw_IBUF
    SLICE_X59Y19         LUT6 (Prop_lut6_I2_O)        0.124     4.964 r  EDD/cnt[0]_i_7/O
                         net (fo=1, routed)           0.656     5.620    EDD/cnt[0]_i_7_n_0
    SLICE_X58Y19         CARRY4 (Prop_carry4_S[0]_CO[3])
                                                      0.656     6.276 r  EDD/cnt_reg[0]_i_2__2/CO[3]
                         net (fo=1, routed)           0.000     6.276    EDD/cnt_reg[0]_i_2__2_n_0
    SLICE_X58Y20         CARRY4 (Prop_carry4_CI_CO[3])
                                                      0.114     6.390 r  EDD/cnt_reg[4]_i_1__2/CO[3]
                         net (fo=1, routed)           0.000     6.390    EDD/cnt_reg[4]_i_1__2_n_0
    SLICE_X58Y21         CARRY4 (Prop_carry4_CI_CO[3])
                                                      0.114     6.504 r  EDD/cnt_reg[8]_i_1__2/CO[3]
                         net (fo=1, routed)           0.000     6.504    EDD/cnt_reg[8]_i_1__2_n_0
    SLICE_X58Y22         CARRY4 (Prop_carry4_CI_O[0])
                                                      0.223     6.727 r  EDD/cnt_reg[12]_i_1__2/O[0]
                         net (fo=1, routed)           0.000     6.727    CNT1/cnt_reg[15]_1[0]
    SLICE_X58Y22         FDRE                                         r  CNT1/cnt_reg[12]/D
  -------------------------------------------------------------------    -------------------

                         (clock sys_clk_pin rise edge)
                                                      0.000     0.000 r  <hidden>
    W5                                                0.000     0.000 r  clk
                         net (fo=0)                   0.000     0.000    clk
    W5                   IBUF (Prop_ibuf_I_O)         1.388     1.388 r  clk_IBUF_inst/O
                         net (fo=1, routed)           1.862     3.250    clk_IBUF
    BUFGCTRL_X0Y0        BUFG (Prop_bufg_I_O)         0.091     3.341 r  clk_IBUF_BUFG_inst/O
                         net (fo=109, routed)         1.504     4.845    CNT1/clk_IBUF_BUFG
    SLICE_X58Y22         FDRE                                         r  CNT1/cnt_reg[12]/C

Slack:                    inf
  Source:                 sw
                            (input port)
  Destination:            CNT1/cnt_reg[9]/D
                            (rising edge-triggered cell FDRE clocked by sys_clk_pin  {rise@0.000ns fall@5.000ns period=10.000ns})
  Path Group:             (none)
  Path Type:              Setup (Max at Slow Process Corner)
  Data Path Delay:        6.724ns  (logic 2.681ns (39.871%)  route 4.043ns (60.129%))
  Logic Levels:           5  (CARRY4=3 IBUF=1 LUT6=1)
  Clock Path Skew:        4.847ns (DCD - SCD + CPR)
    Destination Clock Delay (DCD):    4.847ns
    Source Clock Delay      (SCD):    0.000ns
    Clock Pessimism Removal (CPR):    0.000ns
  Clock Uncertainty:      0.025ns  ((TSJ^2 + TIJ^2)^1/2 + DJ) / 2 + PE
    Total System Jitter     (TSJ):    0.050ns
    Total Input Jitter      (TIJ):    0.000ns
    Discrete Jitter          (DJ):    0.000ns
    Phase Error              (PE):    0.000ns

    Location             Delay type                Incr(ns)  Path(ns)    Netlist Resource(s)
  -------------------------------------------------------------------    -------------------
    V17                                               0.000     0.000 r  sw
                         net (fo=0)                   0.000     0.000    sw
    V17                  IBUF (Prop_ibuf_I_O)         1.453     1.453 r  sw_IBUF_inst/O
                         net (fo=18, routed)          3.387     4.840    EDD/sw_IBUF
    SLICE_X59Y19         LUT6 (Prop_lut6_I2_O)        0.124     4.964 r  EDD/cnt[0]_i_7/O
                         net (fo=1, routed)           0.656     5.620    EDD/cnt[0]_i_7_n_0
    SLICE_X58Y19         CARRY4 (Prop_carry4_S[0]_CO[3])
                                                      0.656     6.276 r  EDD/cnt_reg[0]_i_2__2/CO[3]
                         net (fo=1, routed)           0.000     6.276    EDD/cnt_reg[0]_i_2__2_n_0
    SLICE_X58Y20         CARRY4 (Prop_carry4_CI_CO[3])
                                                      0.114     6.390 r  EDD/cnt_reg[4]_i_1__2/CO[3]
                         net (fo=1, routed)           0.000     6.390    EDD/cnt_reg[4]_i_1__2_n_0
    SLICE_X58Y21         CARRY4 (Prop_carry4_CI_O[1])
                                                      0.334     6.724 r  EDD/cnt_reg[8]_i_1__2/O[1]
                         net (fo=1, routed)           0.000     6.724    CNT1/cnt_reg[11]_0[1]
    SLICE_X58Y21         FDRE                                         r  CNT1/cnt_reg[9]/D
  -------------------------------------------------------------------    -------------------

                         (clock sys_clk_pin rise edge)
                                                      0.000     0.000 r  <hidden>
    W5                                                0.000     0.000 r  clk
                         net (fo=0)                   0.000     0.000    clk
    W5                   IBUF (Prop_ibuf_I_O)         1.388     1.388 r  clk_IBUF_inst/O
                         net (fo=1, routed)           1.862     3.250    clk_IBUF
    BUFGCTRL_X0Y0        BUFG (Prop_bufg_I_O)         0.091     3.341 r  clk_IBUF_BUFG_inst/O
                         net (fo=109, routed)         1.506     4.847    CNT1/clk_IBUF_BUFG
    SLICE_X58Y21         FDRE                                         r  CNT1/cnt_reg[9]/C

Slack:                    inf
  Source:                 sw
                            (input port)
  Destination:            CNT1/cnt_reg[11]/D
                            (rising edge-triggered cell FDRE clocked by sys_clk_pin  {rise@0.000ns fall@5.000ns period=10.000ns})
  Path Group:             (none)
  Path Type:              Setup (Max at Slow Process Corner)
  Data Path Delay:        6.703ns  (logic 2.660ns (39.683%)  route 4.043ns (60.317%))
  Logic Levels:           5  (CARRY4=3 IBUF=1 LUT6=1)
  Clock Path Skew:        4.847ns (DCD - SCD + CPR)
    Destination Clock Delay (DCD):    4.847ns
    Source Clock Delay      (SCD):    0.000ns
    Clock Pessimism Removal (CPR):    0.000ns
  Clock Uncertainty:      0.025ns  ((TSJ^2 + TIJ^2)^1/2 + DJ) / 2 + PE
    Total System Jitter     (TSJ):    0.050ns
    Total Input Jitter      (TIJ):    0.000ns
    Discrete Jitter          (DJ):    0.000ns
    Phase Error              (PE):    0.000ns

    Location             Delay type                Incr(ns)  Path(ns)    Netlist Resource(s)
  -------------------------------------------------------------------    -------------------
    V17                                               0.000     0.000 r  sw
                         net (fo=0)                   0.000     0.000    sw
    V17                  IBUF (Prop_ibuf_I_O)         1.453     1.453 r  sw_IBUF_inst/O
                         net (fo=18, routed)          3.387     4.840    EDD/sw_IBUF
    SLICE_X59Y19         LUT6 (Prop_lut6_I2_O)        0.124     4.964 r  EDD/cnt[0]_i_7/O
                         net (fo=1, routed)           0.656     5.620    EDD/cnt[0]_i_7_n_0
    SLICE_X58Y19         CARRY4 (Prop_carry4_S[0]_CO[3])
                                                      0.656     6.276 r  EDD/cnt_reg[0]_i_2__2/CO[3]
                         net (fo=1, routed)           0.000     6.276    EDD/cnt_reg[0]_i_2__2_n_0
    SLICE_X58Y20         CARRY4 (Prop_carry4_CI_CO[3])
                                                      0.114     6.390 r  EDD/cnt_reg[4]_i_1__2/CO[3]
                         net (fo=1, routed)           0.000     6.390    EDD/cnt_reg[4]_i_1__2_n_0
    SLICE_X58Y21         CARRY4 (Prop_carry4_CI_O[3])
                                                      0.313     6.703 r  EDD/cnt_reg[8]_i_1__2/O[3]
                         net (fo=1, routed)           0.000     6.703    CNT1/cnt_reg[11]_0[3]
    SLICE_X58Y21         FDRE                                         r  CNT1/cnt_reg[11]/D
  -------------------------------------------------------------------    -------------------

                         (clock sys_clk_pin rise edge)
                                                      0.000     0.000 r  <hidden>
    W5                                                0.000     0.000 r  clk
                         net (fo=0)                   0.000     0.000    clk
    W5                   IBUF (Prop_ibuf_I_O)         1.388     1.388 r  clk_IBUF_inst/O
                         net (fo=1, routed)           1.862     3.250    clk_IBUF
    BUFGCTRL_X0Y0        BUFG (Prop_bufg_I_O)         0.091     3.341 r  clk_IBUF_BUFG_inst/O
                         net (fo=109, routed)         1.506     4.847    CNT1/clk_IBUF_BUFG
    SLICE_X58Y21         FDRE                                         r  CNT1/cnt_reg[11]/C

Slack:                    inf
  Source:                 sw
                            (input port)
  Destination:            CNT1/cnt_reg[10]/D
                            (rising edge-triggered cell FDRE clocked by sys_clk_pin  {rise@0.000ns fall@5.000ns period=10.000ns})
  Path Group:             (none)
  Path Type:              Setup (Max at Slow Process Corner)
  Data Path Delay:        6.629ns  (logic 2.586ns (39.010%)  route 4.043ns (60.990%))
  Logic Levels:           5  (CARRY4=3 IBUF=1 LUT6=1)
  Clock Path Skew:        4.847ns (DCD - SCD + CPR)
    Destination Clock Delay (DCD):    4.847ns
    Source Clock Delay      (SCD):    0.000ns
    Clock Pessimism Removal (CPR):    0.000ns
  Clock Uncertainty:      0.025ns  ((TSJ^2 + TIJ^2)^1/2 + DJ) / 2 + PE
    Total System Jitter     (TSJ):    0.050ns
    Total Input Jitter      (TIJ):    0.000ns
    Discrete Jitter          (DJ):    0.000ns
    Phase Error              (PE):    0.000ns

    Location             Delay type                Incr(ns)  Path(ns)    Netlist Resource(s)
  -------------------------------------------------------------------    -------------------
    V17                                               0.000     0.000 r  sw
                         net (fo=0)                   0.000     0.000    sw
    V17                  IBUF (Prop_ibuf_I_O)         1.453     1.453 r  sw_IBUF_inst/O
                         net (fo=18, routed)          3.387     4.840    EDD/sw_IBUF
    SLICE_X59Y19         LUT6 (Prop_lut6_I2_O)        0.124     4.964 r  EDD/cnt[0]_i_7/O
                         net (fo=1, routed)           0.656     5.620    EDD/cnt[0]_i_7_n_0
    SLICE_X58Y19         CARRY4 (Prop_carry4_S[0]_CO[3])
                                                      0.656     6.276 r  EDD/cnt_reg[0]_i_2__2/CO[3]
                         net (fo=1, routed)           0.000     6.276    EDD/cnt_reg[0]_i_2__2_n_0
    SLICE_X58Y20         CARRY4 (Prop_carry4_CI_CO[3])
                                                      0.114     6.390 r  EDD/cnt_reg[4]_i_1__2/CO[3]
                         net (fo=1, routed)           0.000     6.390    EDD/cnt_reg[4]_i_1__2_n_0
    SLICE_X58Y21         CARRY4 (Prop_carry4_CI_O[2])
                                                      0.239     6.629 r  EDD/cnt_reg[8]_i_1__2/O[2]
                         net (fo=1, routed)           0.000     6.629    CNT1/cnt_reg[11]_0[2]
    SLICE_X58Y21         FDRE                                         r  CNT1/cnt_reg[10]/D
  -------------------------------------------------------------------    -------------------

                         (clock sys_clk_pin rise edge)
                                                      0.000     0.000 r  <hidden>
    W5                                                0.000     0.000 r  clk
                         net (fo=0)                   0.000     0.000    clk
    W5                   IBUF (Prop_ibuf_I_O)         1.388     1.388 r  clk_IBUF_inst/O
                         net (fo=1, routed)           1.862     3.250    clk_IBUF
    BUFGCTRL_X0Y0        BUFG (Prop_bufg_I_O)         0.091     3.341 r  clk_IBUF_BUFG_inst/O
                         net (fo=109, routed)         1.506     4.847    CNT1/clk_IBUF_BUFG
    SLICE_X58Y21         FDRE                                         r  CNT1/cnt_reg[10]/C

Slack:                    inf
  Source:                 sw
                            (input port)
  Destination:            CNT1/cnt_reg[8]/D
                            (rising edge-triggered cell FDRE clocked by sys_clk_pin  {rise@0.000ns fall@5.000ns period=10.000ns})
  Path Group:             (none)
  Path Type:              Setup (Max at Slow Process Corner)
  Data Path Delay:        6.613ns  (logic 2.570ns (38.862%)  route 4.043ns (61.138%))
  Logic Levels:           5  (CARRY4=3 IBUF=1 LUT6=1)
  Clock Path Skew:        4.847ns (DCD - SCD + CPR)
    Destination Clock Delay (DCD):    4.847ns
    Source Clock Delay      (SCD):    0.000ns
    Clock Pessimism Removal (CPR):    0.000ns
  Clock Uncertainty:      0.025ns  ((TSJ^2 + TIJ^2)^1/2 + DJ) / 2 + PE
    Total System Jitter     (TSJ):    0.050ns
    Total Input Jitter      (TIJ):    0.000ns
    Discrete Jitter          (DJ):    0.000ns
    Phase Error              (PE):    0.000ns

    Location             Delay type                Incr(ns)  Path(ns)    Netlist Resource(s)
  -------------------------------------------------------------------    -------------------
    V17                                               0.000     0.000 r  sw
                         net (fo=0)                   0.000     0.000    sw
    V17                  IBUF (Prop_ibuf_I_O)         1.453     1.453 r  sw_IBUF_inst/O
                         net (fo=18, routed)          3.387     4.840    EDD/sw_IBUF
    SLICE_X59Y19         LUT6 (Prop_lut6_I2_O)        0.124     4.964 r  EDD/cnt[0]_i_7/O
                         net (fo=1, routed)           0.656     5.620    EDD/cnt[0]_i_7_n_0
    SLICE_X58Y19         CARRY4 (Prop_carry4_S[0]_CO[3])
                                                      0.656     6.276 r  EDD/cnt_reg[0]_i_2__2/CO[3]
                         net (fo=1, routed)           0.000     6.276    EDD/cnt_reg[0]_i_2__2_n_0
    SLICE_X58Y20         CARRY4 (Prop_carry4_CI_CO[3])
                                                      0.114     6.390 r  EDD/cnt_reg[4]_i_1__2/CO[3]
                         net (fo=1, routed)           0.000     6.390    EDD/cnt_reg[4]_i_1__2_n_0
    SLICE_X58Y21         CARRY4 (Prop_carry4_CI_O[0])
                                                      0.223     6.613 r  EDD/cnt_reg[8]_i_1__2/O[0]
                         net (fo=1, routed)           0.000     6.613    CNT1/cnt_reg[11]_0[0]
    SLICE_X58Y21         FDRE                                         r  CNT1/cnt_reg[8]/D
  -------------------------------------------------------------------    -------------------

                         (clock sys_clk_pin rise edge)
                                                      0.000     0.000 r  <hidden>
    W5                                                0.000     0.000 r  clk
                         net (fo=0)                   0.000     0.000    clk
    W5                   IBUF (Prop_ibuf_I_O)         1.388     1.388 r  clk_IBUF_inst/O
                         net (fo=1, routed)           1.862     3.250    clk_IBUF
    BUFGCTRL_X0Y0        BUFG (Prop_bufg_I_O)         0.091     3.341 r  clk_IBUF_BUFG_inst/O
                         net (fo=109, routed)         1.506     4.847    CNT1/clk_IBUF_BUFG
    SLICE_X58Y21         FDRE                                         r  CNT1/cnt_reg[8]/C

Slack:                    inf
  Source:                 sw
                            (input port)
  Destination:            CNT1/cnt_reg[5]/D
                            (rising edge-triggered cell FDRE clocked by sys_clk_pin  {rise@0.000ns fall@5.000ns period=10.000ns})
  Path Group:             (none)
  Path Type:              Setup (Max at Slow Process Corner)
  Data Path Delay:        6.610ns  (logic 2.567ns (38.834%)  route 4.043ns (61.166%))
  Logic Levels:           4  (CARRY4=2 IBUF=1 LUT6=1)
  Clock Path Skew:        4.848ns (DCD - SCD + CPR)
    Destination Clock Delay (DCD):    4.848ns
    Source Clock Delay      (SCD):    0.000ns
    Clock Pessimism Removal (CPR):    0.000ns
  Clock Uncertainty:      0.025ns  ((TSJ^2 + TIJ^2)^1/2 + DJ) / 2 + PE
    Total System Jitter     (TSJ):    0.050ns
    Total Input Jitter      (TIJ):    0.000ns
    Discrete Jitter          (DJ):    0.000ns
    Phase Error              (PE):    0.000ns

    Location             Delay type                Incr(ns)  Path(ns)    Netlist Resource(s)
  -------------------------------------------------------------------    -------------------
    V17                                               0.000     0.000 r  sw
                         net (fo=0)                   0.000     0.000    sw
    V17                  IBUF (Prop_ibuf_I_O)         1.453     1.453 r  sw_IBUF_inst/O
                         net (fo=18, routed)          3.387     4.840    EDD/sw_IBUF
    SLICE_X59Y19         LUT6 (Prop_lut6_I2_O)        0.124     4.964 r  EDD/cnt[0]_i_7/O
                         net (fo=1, routed)           0.656     5.620    EDD/cnt[0]_i_7_n_0
    SLICE_X58Y19         CARRY4 (Prop_carry4_S[0]_CO[3])
                                                      0.656     6.276 r  EDD/cnt_reg[0]_i_2__2/CO[3]
                         net (fo=1, routed)           0.000     6.276    EDD/cnt_reg[0]_i_2__2_n_0
    SLICE_X58Y20         CARRY4 (Prop_carry4_CI_O[1])
                                                      0.334     6.610 r  EDD/cnt_reg[4]_i_1__2/O[1]
                         net (fo=1, routed)           0.000     6.610    CNT1/cnt_reg[7]_0[1]
    SLICE_X58Y20         FDRE                                         r  CNT1/cnt_reg[5]/D
  -------------------------------------------------------------------    -------------------

                         (clock sys_clk_pin rise edge)
                                                      0.000     0.000 r  <hidden>
    W5                                                0.000     0.000 r  clk
                         net (fo=0)                   0.000     0.000    clk
    W5                   IBUF (Prop_ibuf_I_O)         1.388     1.388 r  clk_IBUF_inst/O
                         net (fo=1, routed)           1.862     3.250    clk_IBUF
    BUFGCTRL_X0Y0        BUFG (Prop_bufg_I_O)         0.091     3.341 r  clk_IBUF_BUFG_inst/O
                         net (fo=109, routed)         1.507     4.848    CNT1/clk_IBUF_BUFG
    SLICE_X58Y20         FDRE                                         r  CNT1/cnt_reg[5]/C

Slack:                    inf
  Source:                 sw
                            (input port)
  Destination:            CNT1/cnt_reg[7]/D
                            (rising edge-triggered cell FDRE clocked by sys_clk_pin  {rise@0.000ns fall@5.000ns period=10.000ns})
  Path Group:             (none)
  Path Type:              Setup (Max at Slow Process Corner)
  Data Path Delay:        6.589ns  (logic 2.546ns (38.639%)  route 4.043ns (61.361%))
  Logic Levels:           4  (CARRY4=2 IBUF=1 LUT6=1)
  Clock Path Skew:        4.848ns (DCD - SCD + CPR)
    Destination Clock Delay (DCD):    4.848ns
    Source Clock Delay      (SCD):    0.000ns
    Clock Pessimism Removal (CPR):    0.000ns
  Clock Uncertainty:      0.025ns  ((TSJ^2 + TIJ^2)^1/2 + DJ) / 2 + PE
    Total System Jitter     (TSJ):    0.050ns
    Total Input Jitter      (TIJ):    0.000ns
    Discrete Jitter          (DJ):    0.000ns
    Phase Error              (PE):    0.000ns

    Location             Delay type                Incr(ns)  Path(ns)    Netlist Resource(s)
  -------------------------------------------------------------------    -------------------
    V17                                               0.000     0.000 r  sw
                         net (fo=0)                   0.000     0.000    sw
    V17                  IBUF (Prop_ibuf_I_O)         1.453     1.453 r  sw_IBUF_inst/O
                         net (fo=18, routed)          3.387     4.840    EDD/sw_IBUF
    SLICE_X59Y19         LUT6 (Prop_lut6_I2_O)        0.124     4.964 r  EDD/cnt[0]_i_7/O
                         net (fo=1, routed)           0.656     5.620    EDD/cnt[0]_i_7_n_0
    SLICE_X58Y19         CARRY4 (Prop_carry4_S[0]_CO[3])
                                                      0.656     6.276 r  EDD/cnt_reg[0]_i_2__2/CO[3]
                         net (fo=1, routed)           0.000     6.276    EDD/cnt_reg[0]_i_2__2_n_0
    SLICE_X58Y20         CARRY4 (Prop_carry4_CI_O[3])
                                                      0.313     6.589 r  EDD/cnt_reg[4]_i_1__2/O[3]
                         net (fo=1, routed)           0.000     6.589    CNT1/cnt_reg[7]_0[3]
    SLICE_X58Y20         FDRE                                         r  CNT1/cnt_reg[7]/D
  -------------------------------------------------------------------    -------------------

                         (clock sys_clk_pin rise edge)
                                                      0.000     0.000 r  <hidden>
    W5                                                0.000     0.000 r  clk
                         net (fo=0)                   0.000     0.000    clk
    W5                   IBUF (Prop_ibuf_I_O)         1.388     1.388 r  clk_IBUF_inst/O
                         net (fo=1, routed)           1.862     3.250    clk_IBUF
    BUFGCTRL_X0Y0        BUFG (Prop_bufg_I_O)         0.091     3.341 r  clk_IBUF_BUFG_inst/O
                         net (fo=109, routed)         1.507     4.848    CNT1/clk_IBUF_BUFG
    SLICE_X58Y20         FDRE                                         r  CNT1/cnt_reg[7]/C





Min Delay Paths
--------------------------------------------------------------------------------------
Slack:                    inf
  Source:                 btnD
                            (input port)
  Destination:            DBD/ff1_reg/D
                            (rising edge-triggered cell FDRE clocked by sys_clk_pin  {rise@0.000ns fall@5.000ns period=10.000ns})
  Path Group:             (none)
  Path Type:              Hold (Min at Fast Process Corner)
  Data Path Delay:        1.487ns  (logic 0.221ns (14.828%)  route 1.267ns (85.172%))
  Logic Levels:           1  (IBUF=1)
  Clock Path Skew:        1.985ns (DCD - SCD - CPR)
    Destination Clock Delay (DCD):    1.985ns
    Source Clock Delay      (SCD):    0.000ns
    Clock Pessimism Removal (CPR):    -0.000ns

    Location             Delay type                Incr(ns)  Path(ns)    Netlist Resource(s)
  -------------------------------------------------------------------    -------------------
    U17                                               0.000     0.000 r  btnD
                         net (fo=0)                   0.000     0.000    btnD
    U17                  IBUF (Prop_ibuf_I_O)         0.221     0.221 r  btnD_IBUF_inst/O
                         net (fo=1, routed)           1.267     1.487    DBD/btnD_IBUF
    SLICE_X58Y15         FDRE                                         r  DBD/ff1_reg/D
  -------------------------------------------------------------------    -------------------

                         (clock sys_clk_pin rise edge)
                                                      0.000     0.000 r  <hidden>
    W5                                                0.000     0.000 r  clk
                         net (fo=0)                   0.000     0.000    clk
    W5                   IBUF (Prop_ibuf_I_O)         0.414     0.414 r  clk_IBUF_inst/O
                         net (fo=1, routed)           0.685     1.099    clk_IBUF
    BUFGCTRL_X0Y0        BUFG (Prop_bufg_I_O)         0.029     1.128 r  clk_IBUF_BUFG_inst/O
                         net (fo=109, routed)         0.858     1.985    DBD/clk_IBUF_BUFG
    SLICE_X58Y15         FDRE                                         r  DBD/ff1_reg/C

Slack:                    inf
  Source:                 btnU
                            (input port)
  Destination:            DBU/ff1_reg/D
                            (rising edge-triggered cell FDRE clocked by sys_clk_pin  {rise@0.000ns fall@5.000ns period=10.000ns})
  Path Group:             (none)
  Path Type:              Hold (Min at Fast Process Corner)
  Data Path Delay:        1.536ns  (logic 0.222ns (14.447%)  route 1.314ns (85.553%))
  Logic Levels:           1  (IBUF=1)
  Clock Path Skew:        1.985ns (DCD - SCD - CPR)
    Destination Clock Delay (DCD):    1.985ns
    Source Clock Delay      (SCD):    0.000ns
    Clock Pessimism Removal (CPR):    -0.000ns

    Location             Delay type                Incr(ns)  Path(ns)    Netlist Resource(s)
  -------------------------------------------------------------------    -------------------
    T18                                               0.000     0.000 r  btnU
                         net (fo=0)                   0.000     0.000    btnU
    T18                  IBUF (Prop_ibuf_I_O)         0.222     0.222 r  btnU_IBUF_inst/O
                         net (fo=1, routed)           1.314     1.536    DBU/btnU_IBUF
    SLICE_X60Y15         FDRE                                         r  DBU/ff1_reg/D
  -------------------------------------------------------------------    -------------------

                         (clock sys_clk_pin rise edge)
                                                      0.000     0.000 r  <hidden>
    W5                                                0.000     0.000 r  clk
                         net (fo=0)                   0.000     0.000    clk
    W5                   IBUF (Prop_ibuf_I_O)         0.414     0.414 r  clk_IBUF_inst/O
                         net (fo=1, routed)           0.685     1.099    clk_IBUF
    BUFGCTRL_X0Y0        BUFG (Prop_bufg_I_O)         0.029     1.128 r  clk_IBUF_BUFG_inst/O
                         net (fo=109, routed)         0.858     1.985    DBU/clk_IBUF_BUFG
    SLICE_X60Y15         FDRE                                         r  DBU/ff1_reg/C

Slack:                    inf
  Source:                 btnC
                            (input port)
  Destination:            DBC/ff1_reg/D
                            (rising edge-triggered cell FDRE clocked by sys_clk_pin  {rise@0.000ns fall@5.000ns period=10.000ns})
  Path Group:             (none)
  Path Type:              Hold (Min at Fast Process Corner)
  Data Path Delay:        1.546ns  (logic 0.210ns (13.549%)  route 1.337ns (86.451%))
  Logic Levels:           1  (IBUF=1)
  Clock Path Skew:        1.985ns (DCD - SCD - CPR)
    Destination Clock Delay (DCD):    1.985ns
    Source Clock Delay      (SCD):    0.000ns
    Clock Pessimism Removal (CPR):    -0.000ns

    Location             Delay type                Incr(ns)  Path(ns)    Netlist Resource(s)
  -------------------------------------------------------------------    -------------------
    U18                                               0.000     0.000 r  btnC
                         net (fo=0)                   0.000     0.000    btnC
    U18                  IBUF (Prop_ibuf_I_O)         0.210     0.210 r  btnC_IBUF_inst/O
                         net (fo=1, routed)           1.337     1.546    DBC/btnC_IBUF
    SLICE_X60Y15         FDRE                                         r  DBC/ff1_reg/D
  -------------------------------------------------------------------    -------------------

                         (clock sys_clk_pin rise edge)
                                                      0.000     0.000 r  <hidden>
    W5                                                0.000     0.000 r  clk
                         net (fo=0)                   0.000     0.000    clk
    W5                   IBUF (Prop_ibuf_I_O)         0.414     0.414 r  clk_IBUF_inst/O
                         net (fo=1, routed)           0.685     1.099    clk_IBUF
    BUFGCTRL_X0Y0        BUFG (Prop_bufg_I_O)         0.029     1.128 r  clk_IBUF_BUFG_inst/O
                         net (fo=109, routed)         0.858     1.985    DBC/clk_IBUF_BUFG
    SLICE_X60Y15         FDRE                                         r  DBC/ff1_reg/C

Slack:                    inf
  Source:                 sw
                            (input port)
  Destination:            CNT1/cnt_reg[9]/D
                            (rising edge-triggered cell FDRE clocked by sys_clk_pin  {rise@0.000ns fall@5.000ns period=10.000ns})
  Path Group:             (none)
  Path Type:              Hold (Min at Fast Process Corner)
  Data Path Delay:        1.815ns  (logic 0.331ns (18.232%)  route 1.484ns (81.768%))
  Logic Levels:           3  (CARRY4=1 IBUF=1 LUT6=1)
  Clock Path Skew:        1.979ns (DCD - SCD - CPR)
    Destination Clock Delay (DCD):    1.979ns
    Source Clock Delay      (SCD):    0.000ns
    Clock Pessimism Removal (CPR):    -0.000ns

    Location             Delay type                Incr(ns)  Path(ns)    Netlist Resource(s)
  -------------------------------------------------------------------    -------------------
    V17                                               0.000     0.000 r  sw
                         net (fo=0)                   0.000     0.000    sw
    V17                  IBUF (Prop_ibuf_I_O)         0.221     0.221 r  sw_IBUF_inst/O
                         net (fo=18, routed)          1.484     1.705    EDD/sw_IBUF
    SLICE_X58Y21         LUT6 (Prop_lut6_I2_O)        0.045     1.750 r  EDD/cnt[8]_i_4/O
                         net (fo=1, routed)           0.000     1.750    EDD/cnt[8]_i_4_n_0
    SLICE_X58Y21         CARRY4 (Prop_carry4_S[1]_O[1])
                                                      0.065     1.815 r  EDD/cnt_reg[8]_i_1__2/O[1]
                         net (fo=1, routed)           0.000     1.815    CNT1/cnt_reg[11]_0[1]
    SLICE_X58Y21         FDRE                                         r  CNT1/cnt_reg[9]/D
  -------------------------------------------------------------------    -------------------

                         (clock sys_clk_pin rise edge)
                                                      0.000     0.000 r  <hidden>
    W5                                                0.000     0.000 r  clk
                         net (fo=0)                   0.000     0.000    clk
    W5                   IBUF (Prop_ibuf_I_O)         0.414     0.414 r  clk_IBUF_inst/O
                         net (fo=1, routed)           0.685     1.099    clk_IBUF
    BUFGCTRL_X0Y0        BUFG (Prop_bufg_I_O)         0.029     1.128 r  clk_IBUF_BUFG_inst/O
                         net (fo=109, routed)         0.852     1.979    CNT1/clk_IBUF_BUFG
    SLICE_X58Y21         FDRE                                         r  CNT1/cnt_reg[9]/C

Slack:                    inf
  Source:                 sw
                            (input port)
  Destination:            CNT1/cnt_reg[5]/D
                            (rising edge-triggered cell FDRE clocked by sys_clk_pin  {rise@0.000ns fall@5.000ns period=10.000ns})
  Path Group:             (none)
  Path Type:              Hold (Min at Fast Process Corner)
  Data Path Delay:        1.818ns  (logic 0.331ns (18.209%)  route 1.487ns (81.791%))
  Logic Levels:           3  (CARRY4=1 IBUF=1 LUT6=1)
  Clock Path Skew:        1.980ns (DCD - SCD - CPR)
    Destination Clock Delay (DCD):    1.980ns
    Source Clock Delay      (SCD):    0.000ns
    Clock Pessimism Removal (CPR):    -0.000ns

    Location             Delay type                Incr(ns)  Path(ns)    Netlist Resource(s)
  -------------------------------------------------------------------    -------------------
    V17                                               0.000     0.000 r  sw
                         net (fo=0)                   0.000     0.000    sw
    V17                  IBUF (Prop_ibuf_I_O)         0.221     0.221 r  sw_IBUF_inst/O
                         net (fo=18, routed)          1.487     1.708    EDD/sw_IBUF
    SLICE_X58Y20         LUT6 (Prop_lut6_I2_O)        0.045     1.753 r  EDD/cnt[4]_i_4/O
                         net (fo=1, routed)           0.000     1.753    EDD/cnt[4]_i_4_n_0
    SLICE_X58Y20         CARRY4 (Prop_carry4_S[1]_O[1])
                                                      0.065     1.818 r  EDD/cnt_reg[4]_i_1__2/O[1]
                         net (fo=1, routed)           0.000     1.818    CNT1/cnt_reg[7]_0[1]
    SLICE_X58Y20         FDRE                                         r  CNT1/cnt_reg[5]/D
  -------------------------------------------------------------------    -------------------

                         (clock sys_clk_pin rise edge)
                                                      0.000     0.000 r  <hidden>
    W5                                                0.000     0.000 r  clk
                         net (fo=0)                   0.000     0.000    clk
    W5                   IBUF (Prop_ibuf_I_O)         0.414     0.414 r  clk_IBUF_inst/O
                         net (fo=1, routed)           0.685     1.099    clk_IBUF
    BUFGCTRL_X0Y0        BUFG (Prop_bufg_I_O)         0.029     1.128 r  clk_IBUF_BUFG_inst/O
                         net (fo=109, routed)         0.853     1.980    CNT1/clk_IBUF_BUFG
    SLICE_X58Y20         FDRE                                         r  CNT1/cnt_reg[5]/C

Slack:                    inf
  Source:                 sw
                            (input port)
  Destination:            CNT1/cnt_reg[4]/D
                            (rising edge-triggered cell FDRE clocked by sys_clk_pin  {rise@0.000ns fall@5.000ns period=10.000ns})
  Path Group:             (none)
  Path Type:              Hold (Min at Fast Process Corner)
  Data Path Delay:        1.824ns  (logic 0.336ns (18.424%)  route 1.488ns (81.576%))
  Logic Levels:           3  (CARRY4=1 IBUF=1 LUT6=1)
  Clock Path Skew:        1.980ns (DCD - SCD - CPR)
    Destination Clock Delay (DCD):    1.980ns
    Source Clock Delay      (SCD):    0.000ns
    Clock Pessimism Removal (CPR):    -0.000ns

    Location             Delay type                Incr(ns)  Path(ns)    Netlist Resource(s)
  -------------------------------------------------------------------    -------------------
    V17                                               0.000     0.000 r  sw
                         net (fo=0)                   0.000     0.000    sw
    V17                  IBUF (Prop_ibuf_I_O)         0.221     0.221 r  sw_IBUF_inst/O
                         net (fo=18, routed)          1.488     1.709    EDD/sw_IBUF
    SLICE_X58Y20         LUT6 (Prop_lut6_I2_O)        0.045     1.754 r  EDD/cnt[4]_i_5/O
                         net (fo=1, routed)           0.000     1.754    EDD/cnt[4]_i_5_n_0
    SLICE_X58Y20         CARRY4 (Prop_carry4_S[0]_O[0])
                                                      0.070     1.824 r  EDD/cnt_reg[4]_i_1__2/O[0]
                         net (fo=1, routed)           0.000     1.824    CNT1/cnt_reg[7]_0[0]
    SLICE_X58Y20         FDRE                                         r  CNT1/cnt_reg[4]/D
  -------------------------------------------------------------------    -------------------

                         (clock sys_clk_pin rise edge)
                                                      0.000     0.000 r  <hidden>
    W5                                                0.000     0.000 r  clk
                         net (fo=0)                   0.000     0.000    clk
    W5                   IBUF (Prop_ibuf_I_O)         0.414     0.414 r  clk_IBUF_inst/O
                         net (fo=1, routed)           0.685     1.099    clk_IBUF
    BUFGCTRL_X0Y0        BUFG (Prop_bufg_I_O)         0.029     1.128 r  clk_IBUF_BUFG_inst/O
                         net (fo=109, routed)         0.853     1.980    CNT1/clk_IBUF_BUFG
    SLICE_X58Y20         FDRE                                         r  CNT1/cnt_reg[4]/C

Slack:                    inf
  Source:                 sw
                            (input port)
  Destination:            CNT1/cnt_reg[3]/D
                            (rising edge-triggered cell FDRE clocked by sys_clk_pin  {rise@0.000ns fall@5.000ns period=10.000ns})
  Path Group:             (none)
  Path Type:              Hold (Min at Fast Process Corner)
  Data Path Delay:        1.843ns  (logic 0.329ns (17.851%)  route 1.514ns (82.149%))
  Logic Levels:           3  (CARRY4=1 IBUF=1 LUT6=1)
  Clock Path Skew:        1.981ns (DCD - SCD - CPR)
    Destination Clock Delay (DCD):    1.981ns
    Source Clock Delay      (SCD):    0.000ns
    Clock Pessimism Removal (CPR):    -0.000ns

    Location             Delay type                Incr(ns)  Path(ns)    Netlist Resource(s)
  -------------------------------------------------------------------    -------------------
    V17                                               0.000     0.000 r  sw
                         net (fo=0)                   0.000     0.000    sw
    V17                  IBUF (Prop_ibuf_I_O)         0.221     0.221 r  sw_IBUF_inst/O
                         net (fo=18, routed)          1.514     1.735    EDD/sw_IBUF
    SLICE_X58Y19         LUT6 (Prop_lut6_I2_O)        0.045     1.780 r  EDD/cnt[0]_i_4/O
                         net (fo=1, routed)           0.000     1.780    EDD/cnt[0]_i_4_n_0
    SLICE_X58Y19         CARRY4 (Prop_carry4_S[3]_O[3])
                                                      0.063     1.843 r  EDD/cnt_reg[0]_i_2__2/O[3]
                         net (fo=1, routed)           0.000     1.843    CNT1/O[3]
    SLICE_X58Y19         FDRE                                         r  CNT1/cnt_reg[3]/D
  -------------------------------------------------------------------    -------------------

                         (clock sys_clk_pin rise edge)
                                                      0.000     0.000 r  <hidden>
    W5                                                0.000     0.000 r  clk
                         net (fo=0)                   0.000     0.000    clk
    W5                   IBUF (Prop_ibuf_I_O)         0.414     0.414 r  clk_IBUF_inst/O
                         net (fo=1, routed)           0.685     1.099    clk_IBUF
    BUFGCTRL_X0Y0        BUFG (Prop_bufg_I_O)         0.029     1.128 r  clk_IBUF_BUFG_inst/O
                         net (fo=109, routed)         0.854     1.981    CNT1/clk_IBUF_BUFG
    SLICE_X58Y19         FDRE                                         r  CNT1/cnt_reg[3]/C

Slack:                    inf
  Source:                 sw
                            (input port)
  Destination:            CNT1/cnt_reg[2]/D
                            (rising edge-triggered cell FDRE clocked by sys_clk_pin  {rise@0.000ns fall@5.000ns period=10.000ns})
  Path Group:             (none)
  Path Type:              Hold (Min at Fast Process Corner)
  Data Path Delay:        1.849ns  (logic 0.332ns (17.958%)  route 1.517ns (82.042%))
  Logic Levels:           3  (CARRY4=1 IBUF=1 LUT6=1)
  Clock Path Skew:        1.981ns (DCD - SCD - CPR)
    Destination Clock Delay (DCD):    1.981ns
    Source Clock Delay      (SCD):    0.000ns
    Clock Pessimism Removal (CPR):    -0.000ns

    Location             Delay type                Incr(ns)  Path(ns)    Netlist Resource(s)
  -------------------------------------------------------------------    -------------------
    V17                                               0.000     0.000 r  sw
                         net (fo=0)                   0.000     0.000    sw
    V17                  IBUF (Prop_ibuf_I_O)         0.221     0.221 r  sw_IBUF_inst/O
                         net (fo=18, routed)          1.517     1.738    EDD/sw_IBUF
    SLICE_X58Y19         LUT6 (Prop_lut6_I2_O)        0.045     1.783 r  EDD/cnt[0]_i_5/O
                         net (fo=1, routed)           0.000     1.783    EDD/cnt[0]_i_5_n_0
    SLICE_X58Y19         CARRY4 (Prop_carry4_S[2]_O[2])
                                                      0.066     1.849 r  EDD/cnt_reg[0]_i_2__2/O[2]
                         net (fo=1, routed)           0.000     1.849    CNT1/O[2]
    SLICE_X58Y19         FDRE                                         r  CNT1/cnt_reg[2]/D
  -------------------------------------------------------------------    -------------------

                         (clock sys_clk_pin rise edge)
                                                      0.000     0.000 r  <hidden>
    W5                                                0.000     0.000 r  clk
                         net (fo=0)                   0.000     0.000    clk
    W5                   IBUF (Prop_ibuf_I_O)         0.414     0.414 r  clk_IBUF_inst/O
                         net (fo=1, routed)           0.685     1.099    clk_IBUF
    BUFGCTRL_X0Y0        BUFG (Prop_bufg_I_O)         0.029     1.128 r  clk_IBUF_BUFG_inst/O
                         net (fo=109, routed)         0.854     1.981    CNT1/clk_IBUF_BUFG
    SLICE_X58Y19         FDRE                                         r  CNT1/cnt_reg[2]/C

Slack:                    inf
  Source:                 sw
                            (input port)
  Destination:            CNT1/cnt_reg[8]/D
                            (rising edge-triggered cell FDRE clocked by sys_clk_pin  {rise@0.000ns fall@5.000ns period=10.000ns})
  Path Group:             (none)
  Path Type:              Hold (Min at Fast Process Corner)
  Data Path Delay:        1.860ns  (logic 0.336ns (18.062%)  route 1.524ns (81.938%))
  Logic Levels:           3  (CARRY4=1 IBUF=1 LUT6=1)
  Clock Path Skew:        1.979ns (DCD - SCD - CPR)
    Destination Clock Delay (DCD):    1.979ns
    Source Clock Delay      (SCD):    0.000ns
    Clock Pessimism Removal (CPR):    -0.000ns

    Location             Delay type                Incr(ns)  Path(ns)    Netlist Resource(s)
  -------------------------------------------------------------------    -------------------
    V17                                               0.000     0.000 r  sw
                         net (fo=0)                   0.000     0.000    sw
    V17                  IBUF (Prop_ibuf_I_O)         0.221     0.221 r  sw_IBUF_inst/O
                         net (fo=18, routed)          1.524     1.745    EDD/sw_IBUF
    SLICE_X58Y21         LUT6 (Prop_lut6_I2_O)        0.045     1.790 r  EDD/cnt[8]_i_5/O
                         net (fo=1, routed)           0.000     1.790    EDD/cnt[8]_i_5_n_0
    SLICE_X58Y21         CARRY4 (Prop_carry4_S[0]_O[0])
                                                      0.070     1.860 r  EDD/cnt_reg[8]_i_1__2/O[0]
                         net (fo=1, routed)           0.000     1.860    CNT1/cnt_reg[11]_0[0]
    SLICE_X58Y21         FDRE                                         r  CNT1/cnt_reg[8]/D
  -------------------------------------------------------------------    -------------------

                         (clock sys_clk_pin rise edge)
                                                      0.000     0.000 r  <hidden>
    W5                                                0.000     0.000 r  clk
                         net (fo=0)                   0.000     0.000    clk
    W5                   IBUF (Prop_ibuf_I_O)         0.414     0.414 r  clk_IBUF_inst/O
                         net (fo=1, routed)           0.685     1.099    clk_IBUF
    BUFGCTRL_X0Y0        BUFG (Prop_bufg_I_O)         0.029     1.128 r  clk_IBUF_BUFG_inst/O
                         net (fo=109, routed)         0.852     1.979    CNT1/clk_IBUF_BUFG
    SLICE_X58Y21         FDRE                                         r  CNT1/cnt_reg[8]/C

Slack:                    inf
  Source:                 sw
                            (input port)
  Destination:            CNT1/cnt_reg[11]/D
                            (rising edge-triggered cell FDRE clocked by sys_clk_pin  {rise@0.000ns fall@5.000ns period=10.000ns})
  Path Group:             (none)
  Path Type:              Hold (Min at Fast Process Corner)
  Data Path Delay:        1.878ns  (logic 0.329ns (17.514%)  route 1.549ns (82.486%))
  Logic Levels:           3  (CARRY4=1 IBUF=1 LUT6=1)
  Clock Path Skew:        1.979ns (DCD - SCD - CPR)
    Destination Clock Delay (DCD):    1.979ns
    Source Clock Delay      (SCD):    0.000ns
    Clock Pessimism Removal (CPR):    -0.000ns

    Location             Delay type                Incr(ns)  Path(ns)    Netlist Resource(s)
  -------------------------------------------------------------------    -------------------
    V17                                               0.000     0.000 r  sw
                         net (fo=0)                   0.000     0.000    sw
    V17                  IBUF (Prop_ibuf_I_O)         0.221     0.221 r  sw_IBUF_inst/O
                         net (fo=18, routed)          1.549     1.770    EDD/sw_IBUF
    SLICE_X58Y21         LUT6 (Prop_lut6_I2_O)        0.045     1.815 r  EDD/cnt[8]_i_2/O
                         net (fo=1, routed)           0.000     1.815    EDD/cnt[8]_i_2_n_0
    SLICE_X58Y21         CARRY4 (Prop_carry4_S[3]_O[3])
                                                      0.063     1.878 r  EDD/cnt_reg[8]_i_1__2/O[3]
                         net (fo=1, routed)           0.000     1.878    CNT1/cnt_reg[11]_0[3]
    SLICE_X58Y21         FDRE                                         r  CNT1/cnt_reg[11]/D
  -------------------------------------------------------------------    -------------------

                         (clock sys_clk_pin rise edge)
                                                      0.000     0.000 r  <hidden>
    W5                                                0.000     0.000 r  clk
                         net (fo=0)                   0.000     0.000    clk
    W5                   IBUF (Prop_ibuf_I_O)         0.414     0.414 r  clk_IBUF_inst/O
                         net (fo=1, routed)           0.685     1.099    clk_IBUF
    BUFGCTRL_X0Y0        BUFG (Prop_bufg_I_O)         0.029     1.128 r  clk_IBUF_BUFG_inst/O
                         net (fo=109, routed)         0.852     1.979    CNT1/clk_IBUF_BUFG
    SLICE_X58Y21         FDRE                                         r  CNT1/cnt_reg[11]/C





